days,United Kingdom,"Korea, South",Italy,Sweden,Spain,Ecuador,Germany,France,Norway,Denmark,USA,New York
0,1.0,1.0,1.0,1.0,1.0,1.0,1.0,1.0,1.0,1.0,1.0,1.0
1,0.0,1.0,1.0,0.0,1.0,0.0,0.0,0.0,0.0,1.0,0.0,4.0
2,0.0,0.0,1.0,1.0,1.0,0.0,1.0,0.0,0.0,1.0,0.0,4.0
3,1.0,4.0,4.0,1.0,2.0,0.0,2.0,0.0,0.0,1.0,0.0,8.0
4,0.0,2.0,3.0,2.0,5.0,0.0,0.0,0.0,3.0,0.0,0.0,14.0
5,0.0,2.0,2.0,2.0,7.0,1.0,3.0,0.0,1.0,2.0,0.0,7.0
6,0.0,2.0,5.0,1.0,11.0,2.0,4.0,0.0,0.0,3.0,0.0,29.0
7,0.0,1.0,4.0,6.0,7.0,2.0,0.0,0.0,0.0,4.0,0.0,27.0
8,0.0,0.0,8.0,7.0,19.0,7.0,0.0,0.0,0.0,0.0,0.0,47.0
9,0.0,3.0,5.0,9.0,1.0,4.0,0.0,0.0,3.0,11.0,0.0,41.0
10,0.0,1.0,18.0,8.0,78.0,9.0,8.0,0.0,2.0,8.0,0.0,81.0
11,0.0,11.0,27.0,11.0,62.0,1.0,11.0,1.0,2.0,2.0,0.0,117.0
12,0.0,0.0,28.0,11.0,94.0,6.0,16.0,0.0,0.0,7.0,0.0,121.0
13,0.0,7.0,41.0,21.0,53.0,2.0,8.0,0.0,5.0,11.0,0.0,143.0
14,0.0,0.0,49.0,22.0,191.0,12.0,31.0,0.0,4.0,13.0,0.0,290.0
15,0.0,7.0,36.0,31.0,90.0,10.0,28.0,0.0,2.0,7.0,0.0,245.0
16,0.0,2.0,133.0,32.0,207.0,2.0,35.0,1.0,7.0,5.0,0.0,332.0
17,0.0,6.0,97.0,35.0,213.0,15.0,49.0,1.0,7.0,13.0,0.0,417.0
18,0.0,3.0,168.0,38.0,332.0,18.0,55.0,0.0,5.0,14.0,0.0,486.0
19,0.0,1.0,196.0,45.0,397.0,27.0,72.0,3.0,6.0,19.0,0.0,548.0
20,0.0,6.0,189.0,48.0,539.0,25.0,64.0,2.0,9.0,16.0,0.0,753.0
21,0.0,6.0,250.0,53.0,497.0,27.0,66.0,7.0,3.0,22.0,0.0,819.0
22,0.0,0.0,175.0,70.0,839.0,8.0,128.0,3.0,9.0,18.0,0.0,800.0
23,1.0,6.0,368.0,80.0,718.0,11.0,149.0,6.0,5.0,8.0,0.0,814.0
24,0.0,3.0,349.0,70.0,773.0,0.0,140.0,8.0,13.0,16.0,0.0,1036.0
25,0.0,0.0,345.0,0.0,844.0,51.0,145.0,15.0,12.0,15.0,0.0,953.0
26,0.0,6.0,475.0,28.0,821.0,30.0,141.0,0.0,7.0,19.0,0.0,1028.0
27,0.0,3.0,427.0,76.0,913.0,25.0,184.0,31.0,5.0,10.0,0.0,996.0
28,0.0,7.0,627.0,114.0,748.0,18.0,92.0,12.0,6.0,13.0,0.0,997.0
29,0.0,3.0,793.0,96.0,923.0,18.0,173.0,0.0,9.0,13.0,0.0,957.0
30,0.0,8.0,651.0,106.0,961.0,22.0,254.0,57.0,6.0,12.0,0.0,882.0
31,0.0,9.0,601.0,77.0,850.0,14.0,246.0,0.0,5.0,14.0,0.0,1003.0
32,1.0,0.0,743.0,17.0,749.0,19.0,266.0,0.0,11.0,10.0,0.0,936.0
33,0.0,9.0,683.0,12.0,694.0,15.0,171.0,95.0,2.0,12.0,0.0,732.0
34,1.0,6.0,712.0,20.0,700.0,18.0,129.0,207.0,9.0,15.0,0.0,804.0
35,2.0,5.0,919.0,114.0,704.0,35.0,126.0,112.0,3.0,10.0,0.0,668.0
36,2.0,8.0,889.0,170.0,747.0,18.0,170.0,112.0,1.0,9.0,0.0,652.0
37,0.0,5.0,756.0,130.0,655.0,33.0,285.0,186.0,16.0,9.0,0.0,619.0
38,2.0,8.0,812.0,67.0,634.0,13.0,315.0,240.0,1.0,6.0,1.0,628.0
39,5.0,6.0,837.0,111.0,525.0,17.0,299.0,231.0,5.0,14.0,0.0,607.0
40,3.0,4.0,727.0,29.0,603.0,23.0,242.0,364.0,7.0,10.0,5.0,565.0
41,7.0,3.0,760.0,40.0,547.0,16.0,184.0,299.0,5.0,9.0,1.0,547.0
42,13.0,4.0,766.0,185.0,300.0,0.0,110.0,317.0,2.0,15.0,4.0,567.0
43,16.0,5.0,681.0,172.0,652.0,0.0,194.0,292.0,0.0,4.0,1.0,478.0
44,21.0,3.0,525.0,84.0,607.0,87.0,281.0,417.0,4.0,5.0,2.0,463.0
45,31.0,6.0,636.0,131.0,687.0,208.0,215.0,497.0,1.0,7.0,3.0,510.0
46,51.0,3.0,604.0,40.0,41.0,12.0,227.0,1250.0,1.0,9.0,4.0,510.0
47,58.0,6.0,542.0,2.0,410.0,17.0,179.0,609.0,3.0,9.0,2.0,329.0
48,73.0,8.0,610.0,80.0,399.0,163.0,140.0,1120.0,0.0,8.0,5.0,225.0
49,79.0,4.0,570.0,81.0,430.0,308.0,110.0,1052.0,1.0,15.0,5.0,194.0
50,118.0,4.0,619.0,107.0,435.0,193.0,163.0,518.0,0.0,9.0,11.0,541.0
51,144.0,3.0,431.0,124.0,440.0,5.0,202.0,833.0,3.0,9.0,7.0,212.0
52,183.0,3.0,566.0,67.0,367.0,0.0,173.0,1416.0,1.0,10.0,9.0,240.0
53,208.0,3.0,602.0,16.0,378.0,49.0,193.0,541.0,1.0,3.0,11.0,928.0
54,263.0,5.0,578.0,10.0,288.0,36.0,94.0,1340.0,1.0,8.0,25.0,250.0
55,337.0,3.0,525.0,90.0,331.0,50.0,74.0,985.0,1.0,8.0,36.0,152.0
56,413.0,4.0,575.0,85.0,301.0,13.0,43.0,635.0,1.0,4.0,65.0,226.0
57,463.0,1.0,482.0,87.0,453.0,410.0,139.0,561.0,0.0,3.0,75.0,214.0
58,516.0,2.0,433.0,99.0,268.0,18.0,165.0,573.0,5.0,4.0,105.0,205.0
59,586.0,2.0,454.0,135.0,0.0,182.0,123.0,743.0,4.0,0.0,104.0,279.0
60,711.0,2.0,534.0,45.0,557.0,7.0,147.0,1436.0,1.0,6.0,121.0,166.0
61,831.0,1.0,437.0,5.0,164.0,4.0,103.0,753.0,3.0,4.0,187.0,169.0
62,924.0,1.0,464.0,31.0,164.0,256.0,26.0,760.0,0.0,0.0,243.0,138.0
63,1007.0,2.0,420.0,57.0,185.0,94.0,22.0,641.0,0.0,6.0,333.0,198.0
64,1061.0,0.0,415.0,147.0,244.0,48.0,116.0,385.0,0.0,4.0,417.0,215.0
65,1147.0,2.0,260.0,69.0,213.0,63.0,101.0,546.0,1.0,1.0,522.0,134.0
66,1220.0,1.0,333.0,117.0,229.0,40.0,89.0,522.0,0.0,3.0,713.0,135.0
67,1170.0,1.0,382.0,28.0,179.0,49.0,101.0,544.0,1.0,3.0,555.0,103.0
68,1293.0,2.0,323.0,5.0,143.0,51.0,57.0,516.0,1.0,7.0,707.0,123.0
69,1461.0,1.0,285.0,19.0,123.0,117.0,33.0,389.0,0.0,0.0,1079.0,139.0
70,1375.0,1.0,269.0,45.0,176.0,40.0,21.0,369.0,0.0,0.0,1630.0,98.0
71,1319.0,2.0,474.0,88.0,184.0,12.0,72.0,242.0,0.0,1.0,1535.0,146.0
72,1365.0,0.0,174.0,40.0,217.0,95.0,83.0,437.0,0.0,1.0,1435.0,92.0
73,1378.0,2.0,195.0,54.0,138.0,0.0,57.0,367.0,0.0,0.0,1619.0,103.0
74,1232.0,2.0,236.0,67.0,104.0,72.0,27.0,426.0,0.0,2.0,1638.0,98.0
75,1254.0,1.0,369.0,6.0,0.0,38.0,42.0,289.0,1.0,3.0,1763.0,99.0
76,1276.0,1.0,274.0,31.0,146.0,21.0,31.0,217.0,0.0,0.0,2606.0,97.0
77,1322.0,0.0,243.0,96.0,69.0,0.0,10.0,197.0,0.0,3.0,2152.0,77.0
78,1272.0,0.0,194.0,95.0,110.0,24.0,45.0,133.0,0.0,3.0,2256.0,87.0
79,1189.0,0.0,165.0,46.0,52.0,0.0,47.0,306.0,0.0,2.0,2157.0,67.0
80,1122.0,0.0,179.0,84.0,688.0,80.0,62.0,330.0,1.0,4.0,2136.0,81.0
81,1160.0,2.0,172.0,45.0,50.0,48.0,39.0,274.0,0.0,0.0,1908.0,71.0
82,1085.0,1.0,195.0,0.0,74.0,0.0,39.0,178.0,1.0,2.0,2001.0,93.0
83,1102.0,1.0,262.0,8.0,0.0,48.0,11.0,242.0,0.0,4.0,2481.0,55.0
84,1038.0,0.0,242.0,65.0,283.0,74.0,11.0,79.0,0.0,1.0,2599.0,57.0
85,1005.0,2.0,153.0,74.0,0.0,13.0,11.0,70.0,0.0,2.0,2195.0,60.0
86,919.0,0.0,145.0,20.0,2.0,21.0,29.0,263.0,1.0,4.0,2104.0,56.0
87,894.0,1.0,99.0,77.0,2.0,48.0,30.0,347.0,0.0,0.0,1938.0,70.0
88,866.0,0.0,162.0,17.0,4.0,30.0,32.0,83.0,0.0,0.0,1989.0,67.0
89,801.0,0.0,161.0,3.0,2.0,0.0,33.0,349.0,3.0,0.0,2259.0,55.0
90,817.0,1.0,156.0,35.0,0.0,108.0,22.0,102.0,0.0,1.0,2478.0,80.0
91,780.0,0.0,130.0,23.0,0.0,46.0,6.0,96.0,0.0,3.0,2465.0,54.0
92,786.0,2.0,119.0,78.0,1.0,22.0,37.0,483.0,0.0,0.0,2428.0,40.0
93,705.0,0.0,50.0,19.0,5.0,33.0,18.0,129.0,0.0,1.0,2064.0,40.0
94,662.0,1.0,92.0,40.0,1.0,41.0,26.0,0.0,0.0,0.0,1739.0,38.0
95,676.0,2.0,78.0,20.0,1.0,37.0,8.0,109.0,1.0,0.0,1415.0,39.0
96,642.0,0.0,117.0,0.0,1.0,80.0,18.0,82.0,1.0,2.0,1486.0,45.0
97,627.0,0.0,70.0,17.0,0.0,69.0,6.0,148.0,0.0,0.0,2232.0,49.0
98,631.0,0.0,87.0,48.0,0.0,0.0,4.0,86.0,0.0,0.0,2374.0,23.0
99,569.0,0.0,111.0,102.0,0.0,67.0,9.0,0.0,0.0,0.0,2192.0,45.0
100,539.0,1.0,75.0,12.0,0.0,0.0,30.0,89.0,4.0,2.0,1880.0,50.0
101,494.0,1.0,60.0,0.0,0.0,51.0,26.0,137.0,0.0,1.0,1743.0,36.0
102,428.0,1.0,55.0,0.0,0.0,0.0,16.0,1.0,1.0,0.0,1203.0,31.0
103,441.0,1.0,71.0,0.0,0.0,69.0,11.0,66.0,0.0,0.0,1370.0,28.0
104,454.0,0.0,88.0,0.0,0.0,63.0,0.0,51.0,0.0,1.0,2179.0,46.0
105,465.0,0.0,85.0,108.0,0.0,18.0,3.0,57.0,0.0,0.0,2321.0,30.0
106,421.0,0.0,72.0,48.0,0.0,5.0,10.0,31.0,0.0,0.0,1906.0,32.0
107,419.0,0.0,53.0,21.0,0.0,73.0,19.0,29.0,0.0,1.0,1769.0,6.0
108,377.0,0.0,65.0,50.0,1179.0,25.0,13.0,106.0,1.0,0.0,1471.0,633.0
109,407.0,1.0,79.0,0.0,7.0,49.0,21.0,81.0,1.0,1.0,1001.0,15.0
110,372.0,2.0,71.0,0.0,1.0,63.0,6.0,44.0,0.0,0.0,1026.0,23.0
111,353.0,0.0,53.0,0.0,1.0,61.0,3.0,45.0,0.0,0.0,1592.0,22.0
112,342.0,1.0,56.0,53.0,1.0,69.0,4.0,31.0,0.0,0.0,1695.0,24.0
113,300.0,0.0,78.0,37.0,2.0,12.0,12.0,13.0,0.0,0.0,1769.0,35.0
114,284.0,0.0,44.0,41.0,3.0,40.0,12.0,54.0,0.0,1.0,1628.0,16.0
115,281.0,0.0,26.0,9.0,8.0,52.0,9.0,85.0,0.0,2.0,1169.0,23.0
116,279.0,1.0,34.0,0.0,3.0,0.0,9.0,21.0,0.0,0.0,815.0,11.0
117,300.0,1.0,43.0,0.0,2.0,27.0,7.0,27.0,1.0,0.0,1222.0,34.0
118,282.0,1.0,66.0,0.0,3.0,39.0,2.0,28.0,0.0,0.0,1428.0,25.0
119,288.0,0.0,47.0,27.0,9.0,92.0,4.0,24.0,0.0,0.0,1470.0,15.0
120,254.0,0.0,49.0,35.0,9.0,16.0,8.0,8.0,0.0,0.0,1182.0,10.0
121,219.0,0.0,24.0,18.0,4.0,16.0,12.0,28.0,1.0,1.0,1204.0,46.0
122,195.0,0.0,23.0,26.0,17.0,67.0,12.0,112.0,0.0,0.0,1078.0,17.0
123,199.0,1.0,18.0,0.0,0.0,28.0,6.0,25.0,0.0,0.0,639.0,23.0
124,233.0,0.0,0.0,0.0,0.0,49.0,6.0,28.0,1.0,0.0,600.0,18.0
125,203.0,1.0,34.0,0.0,3.0,43.0,3.0,14.0,1.0,1.0,653.0,14.0
126,183.0,0.0,30.0,19.0,4.0,32.0,1.0,16.0,0.0,0.0,1452.0,20.0
127,184.0,0.0,8.0,27.0,4.0,31.0,4.0,5.0,0.0,0.0,1066.0,20.0
128,151.0,0.0,22.0,21.0,5.0,5.0,3.0,22.0,0.0,0.0,1109.0,16.0
129,163.0,0.0,6.0,26.0,2.0,48.0,7.0,54.0,0.0,0.0,948.0,15.0
130,161.0,0.0,23.0,0.0,0.0,52.0,4.0,11.0,0.0,0.0,623.0,10.0
131,137.0,0.0,21.0,0.0,0.0,21.0,1.0,17.0,0.0,1.0,767.0,42.0
132,166.0,0.0,30.0,0.0,3.0,29.0,1.0,25.0,0.0,1.0,971.0,8.0
133,121.0,0.0,15.0,27.0,3.0,39.0,2.0,0.0,0.0,0.0,1000.0,17.0
134,135.0,1.0,21.0,21.0,4.0,8.0,4.0,0.0,0.0,0.0,998.0,10.0
135,101.0,0.0,7.0,9.0,3.0,17.0,5.0,32.0,0.0,0.0,870.0,17.0
136,136.0,1.0,8.0,21.0,4.0,52.0,6.0,27.0,0.0,0.0,638.0,11.0
137,107.0,1.0,30.0,0.0,0.0,39.0,10.0,18.0,0.0,1.0,460.0,9.0
138,120.0,0.0,15.0,0.0,0.0,34.0,7.0,13.0,0.0,1.0,502.0,20.0
139,105.0,2.0,12.0,0.0,2.0,45.0,0.0,18.0,0.0,0.0,909.0,10.0
140,90.0,1.0,12.0,5.0,2.0,34.0,0.0,0.0,0.0,0.0,858.0,18.0
141,88.0,0.0,7.0,28.0,2.0,0.0,4.0,0.0,0.0,0.0,811.0,11.0
142,87.0,1.0,9.0,9.0,3.0,31.0,6.0,26.0,1.0,1.0,823.0,12.0
143,80.0,0.0,13.0,4.0,3.0,41.0,6.0,9.0,0.0,0.0,706.0,9.0
144,83.0,0.0,17.0,0.0,0.0,39.0,7.0,30.0,0.0,0.0,348.0,9.0
145,97.0,0.0,13.0,0.0,0.0,30.0,7.0,13.0,0.0,1.0,398.0,0.0
146,101.0,2.0,20.0,0.0,2.0,20.0,0.0,24.0,0.0,0.0,776.0,7.0
147,108.0,2.0,11.0,4.0,2.0,19.0,7.0,0.0,0.0,0.0,741.0,9.0
148,79.0,1.0,14.0,13.0,5.0,6.0,8.0,0.0,0.0,0.0,697.0,9.0
149,73.0,1.0,3.0,6.0,2.0,10.0,12.0,20.0,0.0,3.0,631.0,7.0
150,71.0,1.0,13.0,0.0,2.0,19.0,7.0,0.0,0.0,1.0,563.0,11.0
151,69.0,0.0,15.0,0.0,0.0,33.0,8.0,86.0,0.0,0.0,319.0,12.0
152,81.0,1.0,9.0,0.0,0.0,26.0,12.0,16.0,1.0,0.0,379.0,15.0
153,54.0,0.0,10.0,0.0,27.0,20.0,1.0,13.0,4.0,0.0,731.0,8.0
154,61.0,1.0,5.0,7.0,26.0,35.0,1.0,0.0,0.0,0.0,754.0,7.0
155,48.0,0.0,5.0,4.0,1.0,5.0,4.0,0.0,0.0,0.0,551.0,10.0
156,52.0,0.0,5.0,2.0,1.0,13.0,6.0,22.0,0.0,0.0,629.0,11.0
157,52.0,1.0,5.0,7.0,3.0,22.0,4.0,0.0,1.0,0.0,499.0,11.0
158,54.0,1.0,11.0,0.0,0.0,41.0,14.0,6.0,0.0,0.0,323.0,5.0
159,43.0,0.0,6.0,0.0,0.0,54.0,6.0,10.0,2.0,0.0,371.0,0.0
160,47.0,0.0,3.0,0.0,73.0,48.0,0.0,9.0,0.0,0.0,549.0,5.0
161,61.0,1.0,9.0,7.0,5.0,29.0,1.0,0.0,0.0,1.0,701.0,8.0
162,44.0,0.0,5.0,12.0,0.0,33.0,4.0,0.0,0.0,0.0,742.0,18.0
163,38.0,0.0,8.0,3.0,26.0,12.0,7.0,16.0,0.0,1.0,680.0,7.0
164,32.0,0.0,12.0,5.0,12.0,46.0,10.0,12.0,0.0,0.0,307.0,6.0
165,45.0,0.0,5.0,0.0,0.0,42.0,7.0,13.0,0.0,0.0,323.0,4.0
166,42.0,1.0,10.0,0.0,0.0,61.0,7.0,16.0,0.0,1.0,385.0,8.0
167,41.0,0.0,6.0,0.0,29.0,33.0,2.0,11.0,0.0,0.0,1144.0,8.0
168,21.0,1.0,3.0,4.0,24.0,33.0,3.0,0.0,0.0,0.0,842.0,7.0
169,34.0,1.0,13.0,3.0,127.0,18.0,5.0,0.0,0.0,0.0,1036.0,12.0
170,31.0,1.0,2.0,3.0,16.0,1.0,3.0,29.0,0.0,0.0,804.0,7.0
171,24.0,0.0,4.0,1.0,25.0,15.0,5.0,1.0,0.0,1.0,752.0,10.0
172,31.0,0.0,6.0,0.0,0.0,48.0,3.0,8.0,0.0,1.0,475.0,8.0
173,31.0,0.0,10.0,0.0,0.0,29.0,1.0,4.0,0.0,0.0,446.0,8.0
174,34.0,0.0,6.0,0.0,34.0,26.0,6.0,12.0,0.0,1.0,894.0,6.0
175,36.0,0.0,3.0,0.0,52.0,50.0,3.0,0.0,0.0,0.0,963.0,6.0
176,19.0,0.0,158.0,7.0,47.0,0.0,4.0,0.0,0.0,0.0,973.0,6.0
177,23.0,0.0,4.0,12.0,25.0,3852.0,11.0,14.0,0.0,1.0,921.0,15.0
178,32.0,0.0,4.0,3.0,15.0,51.0,8.0,13.0,0.0,0.0,889.0,12.0
179,18.0,1.0,5.0,0.0,0.0,74.0,1.0,17.0,0.0,0.0,483.0,0.0
180,26.0,0.0,7.0,0.0,0.0,48.0,2.0,16.0,1.0,1.0,532.0,7.0
181,28.0,1.0,6.0,0.0,83.0,87.0,1.0,17.0,0.0,0.0,1096.0,1.0
182,17.0,2.0,9.0,3.0,58.0,28.0,0.0,1.0,0.0,1.0,1222.0,6.0
183,31.0,0.0,3.0,4.0,42.0,39.0,4.0,1.0,0.0,1.0,1075.0,4.0
184,20.0,0.0,7.0,1.0,40.0,19.0,9.0,19.0,0.0,2.0,1093.0,10.0
185,17.0,0.0,4.0,3.0,184.0,41.0,3.0,21.0,0.0,0.0,968.0,16.0
186,23.0,1.0,4.0,0.0,0.0,33.0,1.0,17.0,0.0,0.0,539.0,7.0
187,27.0,2.0,13.0,0.0,0.0,33.0,5.0,11.0,1.0,2.0,1109.0,7.0
188,13.0,1.0,5.0,0.0,98.0,15.0,2.0,23.0,1.0,0.0,1212.0,13.0
189,21.0,3.0,9.0,0.0,78.0,40.0,1.0,8.0,0.0,0.0,1434.0,0.0
190,24.0,5.0,1.0,14.0,34.0,6.0,12.0,0.0,0.0,3.0,1295.0,7.0
191,22.0,2.0,4.0,4.0,71.0,5.0,6.0,15.0,0.0,2.0,1172.0,5.0
192,19.0,1.0,6.0,1.0,48.0,31.0,3.0,19.0,0.0,1.0,1115.0,0.0
193,25.0,0.0,8.0,0.0,0.0,45.0,7.0,0.0,0.0,2.0,462.0,1.0
194,20.0,2.0,6.0,0.0,0.0,42.0,6.0,32.0,3.0,2.0,563.0,5.0
195,24.0,3.0,10.0,0.0,101.0,23.0,2.0,17.0,0.0,2.0,1255.0,12.0
196,23.0,2.0,11.0,0.0,156.0,37.0,0.0,6.0,0.0,1.0,1417.0,5.0
197,18.0,2.0,16.0,11.0,239.0,6.0,10.0,3.0,0.0,1.0,1186.0,9.0
198,23.0,1.0,7.0,2.0,162.0,1.0,13.0,27.0,4.0,0.0,1291.0,15.0
199,15.0,2.0,12.0,2.0,90.0,32.0,19.0,24.0,0.0,1.0,1089.0,6.0
200,21.0,5.0,10.0,0.0,0.0,43.0,15.0,22.0,0.0,0.0,573.0,14.0
201,15.0,3.0,14.0,0.0,0.0,78.0,9.0,17.0,0.0,1.0,525.0,11.0
202,13.0,2.0,10.0,0.0,168.0,62.0,5.0,0.0,1.0,1.0,1075.0,21.0
203,16.0,4.0,10.0,0.0,241.0,102.0,3.0,11.0,0.0,2.0,1510.0,5.0
204,10.0,5.0,6.0,13.0,130.0,50.0,11.0,2.0,0.0,4.0,1036.0,19.0
205,12.0,3.0,7.0,0.0,84.0,34.0,17.0,23.0,0.0,1.0,1305.0,14.0
206,17.0,5.0,14.0,2.0,114.0,21.0,12.0,38.0,0.0,4.0,1036.0,9.0
207,10.0,4.0,9.0,0.0,0.0,41.0,8.0,27.0,0.0,0.0,615.0,14.0
208,22.0,0.0,12.0,0.0,0.0,398.0,19.0,18.0,0.0,2.0,477.0,9.0
209,16.0,5.0,13.0,0.0,179.0,34.0,2.0,79.0,0.0,0.0,1229.0,8.0
210,12.0,5.0,10.0,0.0,0.0,13.0,5.0,17.0,0.0,2.0,685.0,8.0
211,12.0,1.0,24.0,0.0,380.0,3.0,12.0,4.0,0.0,2.0,1102.0,4.0
212,8.0,5.0,15.0,0.0,182.0,27.0,16.0,34.0,1.0,2.0,1095.0,17.0
213,11.0,2.0,17.0,2.0,113.0,17.0,16.0,49.0,1.0,3.0,956.0,9.0
214,18.0,3.0,14.0,0.0,0.0,29.0,11.0,45.0,0.0,1.0,507.0,11.0
215,11.0,0.0,20.0,0.0,0.0,42.0,15.0,47.0,1.0,2.0,433.0,19.0
216,15.0,5.0,23.0,0.0,139.0,51.0,11.0,154.0,0.0,0.0,1220.0,9.0
217,9.0,2.0,20.0,0.0,261.0,18.0,6.0,25.0,0.0,2.0,1160.0,15.0
218,15.0,4.0,17.0,13.0,76.0,12.0,13.0,11.0,0.0,1.0,1109.0,13.0
219,14.0,2.0,17.0,3.0,126.0,8.0,43.0,53.0,0.0,6.0,925.0,18.0
220,13.0,5.0,16.0,8.0,241.0,9.0,33.0,77.0,0.0,2.0,961.0,8.0
221,24.0,1.0,24.0,0.0,0.0,49.0,24.0,27.0,1.0,2.0,441.0,7.0
222,16.0,6.0,19.0,0.0,0.0,47.0,33.0,50.0,0.0,4.0,481.0,17.0
223,14.0,2.0,24.0,0.0,195.0,28.0,10.0,150.0,0.0,3.0,1067.0,16.0
224,16.0,1.0,23.0,0.0,80.0,14.0,12.0,39.0,0.0,3.0,1055.0,11.0
225,20.0,4.0,27.0,11.0,209.0,11.0,47.0,27.0,0.0,2.0,1022.0,10.0
226,23.0,1.0,18.0,1.0,140.0,20.0,39.0,81.0,0.0,6.0,952.0,14.0
227,20.0,1.0,16.0,3.0,222.0,15.0,30.0,71.0,1.0,1.0,793.0,19.0
228,21.0,0.0,28.0,0.0,0.0,20.0,49.0,60.0,0.0,6.0,435.0,15.0
229,26.0,3.0,31.0,0.0,0.0,14.0,49.0,56.0,1.0,1.0,323.0,21.0
230,31.0,2.0,22.0,0.0,217.0,10.0,29.0,135.0,1.0,3.0,473.0,15.0
231,38.0,1.0,28.0,0.0,218.0,38.0,24.0,25.0,0.0,2.0,1102.0,9.0
232,30.0,2.0,29.0,0.0,156.0,14.0,42.0,32.0,0.0,2.0,909.0,22.0
233,25.0,2.0,26.0,7.0,155.0,8.0,85.0,69.0,0.0,1.0,1142.0,13.0
234,40.0,1.0,39.0,4.0,231.0,6.0,89.0,65.0,0.0,4.0,738.0,11.0
235,30.0,1.0,41.0,0.0,0.0,6.0,77.0,79.0,0.0,1.0,394.0,24.0
236,39.0,4.0,43.0,0.0,0.0,26.0,103.0,73.0,2.0,4.0,421.0,25.0
237,58.0,1.0,83.0,0.0,279.0,31.0,29.0,109.0,1.0,5.0,1191.0,20.0
238,34.0,2.0,55.0,0.0,267.0,54.0,49.0,35.0,0.0,2.0,934.0,20.0
239,40.0,2.0,47.0,59.0,168.0,15.0,131.0,46.0,0.0,3.0,849.0,27.0
240,47.0,1.0,69.0,5.0,173.0,9.0,151.0,95.0,0.0,4.0,958.0,29.0
241,56.0,0.0,73.0,20.0,239.0,10.0,118.0,107.0,0.0,3.0,665.0,30.0
242,55.0,3.0,89.0,0.0,0.0,71.0,166.0,104.0,0.0,3.0,265.0,25.0
243,48.0,3.0,127.0,0.0,0.0,26.0,130.0,85.0,6.0,2.0,410.0,26.0
244,61.0,3.0,136.0,0.0,379.0,31.0,63.0,178.0,3.0,1.0,1020.0,28.0
245,71.0,2.0,91.0,0.0,238.0,20.0,63.0,73.0,0.0,1.0,1052.0,25.0
246,74.0,2.0,151.0,60.0,1623.0,11.0,154.0,85.0,0.0,3.0,890.0,31.0
247,70.0,0.0,128.0,40.0,368.0,8.0,261.0,146.0,0.0,4.0,915.0,32.0
248,63.0,0.0,141.0,42.0,347.0,9.0,215.0,262.0,4.0,4.0,762.0,36.0
249,68.0,3.0,221.0,0.0,0.0,27.0,218.0,162.0,2.0,2.0,304.0,31.0
250,84.0,1.0,205.0,0.0,0.0,21.0,178.0,154.0,5.0,3.0,340.0,41.0
251,110.0,1.0,217.0,0.0,512.0,22.0,107.0,298.0,1.0,5.0,894.0,48.0
252,97.0,1.0,199.0,0.0,0.0,44.0,62.0,136.0,0.0,3.0,904.0,41.0
253,96.0,1.0,297.0,157.0,760.0,62.0,267.0,0.0,0.0,3.0,896.0,30.0
254,107.0,2.0,208.0,19.0,356.0,24.0,305.0,383.0,5.0,5.0,837.0,37.0
255,128.0,2.0,233.0,66.0,308.0,39.0,251.0,521.0,3.0,8.0,672.0,43.0
256,120.0,4.0,353.0,0.0,0.0,24.0,260.0,243.0,2.0,5.0,369.0,43.0
257,119.0,2.0,352.0,0.0,0.0,28.0,254.0,232.0,0.0,9.0,475.0,69.0
258,123.0,1.0,428.0,0.0,484.0,42.0,138.0,545.0,12.0,5.0,687.0,45.0
259,152.0,1.0,446.0,0.0,435.0,13.0,90.0,222.0,0.0,7.0,907.0,45.0
260,162.0,1.0,425.0,149.0,351.0,52.0,249.0,231.0,0.0,6.0,973.0,52.0
261,186.0,1.0,331.0,67.0,252.0,38.0,410.0,416.0,4.0,8.0,962.0,49.0
262,167.0,2.0,356.0,59.0,328.0,40.0,389.0,1272.0,2.0,9.0,649.0,72.0
263,193.0,5.0,580.0,0.0,0.0,61.0,426.0,0.0,17.0,6.0,463.0,64.0
264,210.0,2.0,623.0,0.0,0.0,50.0,379.0,354.0,2.0,6.0,395.0,60.0
265,232.0,0.0,636.0,0.0,512.0,84.0,158.0,828.0,1.0,9.0,740.0,63.0
266,242.0,1.0,550.0,0.0,537.0,60.0,125.0,303.0,0.0,11.0,989.0,79.0
267,225.0,4.0,544.0,291.0,369.0,22.0,388.0,270.0,0.0,7.0,838.0,64.0
268,219.0,1.0,546.0,35.0,337.0,2.0,487.0,548.0,5.0,9.0,933.0,85.0
269,255.0,1.0,504.0,60.0,294.0,14.0,479.0,1218.0,2.0,7.0,790.0,86.0
270,282.0,0.0,731.0,0.0,0.0,20.0,432.0,328.0,0.0,3.0,482.0,76.0
271,285.0,2.0,753.0,0.0,0.0,36.0,483.0,415.0,21.0,14.0,511.0,85.0
272,281.0,2.0,653.0,0.0,401.0,8.0,255.0,932.0,5.0,9.0,951.0,99.0
273,320.0,3.0,699.0,0.0,442.0,16.0,147.0,353.0,0.0,8.0,1166.0,91.0
274,352.0,2.0,692.0,229.0,273.0,1.0,423.0,302.0,0.0,6.0,861.0,124.0
275,340.0,2.0,562.0,58.0,254.0,0.0,590.0,506.0,6.0,9.0,957.0,90.0
276,359.0,4.0,630.0,160.0,214.0,21.0,440.0,1217.0,2.0,11.0,972.0,137.0
277,338.0,1.0,853.0,0.0,0.0,19.0,598.0,425.0,7.0,14.0,451.0,97.0
278,377.0,3.0,722.0,0.0,0.0,17.0,496.0,417.0,2.0,17.0,555.0,125.0
279,340.0,2.0,822.0,0.0,394.0,10.0,321.0,1138.0,0.0,15.0,1022.0,128.0
280,388.0,1.0,827.0,0.0,0.0,6.0,188.0,252.0,0.0,12.0,1041.0,122.0
281,417.0,6.0,686.0,288.0,373.0,0.0,500.0,214.0,0.0,16.0,998.0,120.0
282,417.0,1.0,541.0,91.0,325.0,1.0,952.0,500.0,1.0,18.0,1072.0,130.0
283,433.0,3.0,672.0,100.0,280.0,0.0,698.0,1004.0,0.0,17.0,939.0,153.0
284,493.0,0.0,785.0,0.0,0.0,13.0,813.0,381.0,16.0,26.0,508.0,154.0
285,410.0,0.0,684.0,0.0,0.0,15.0,702.0,329.0,0.0,18.0,597.0,150.0
286,409.0,3.0,993.0,0.0,389.0,7.0,409.0,957.0,0.0,20.0,1625.0,135.0
287,430.0,7.0,814.0,0.0,388.0,6.0,226.0,212.0,0.0,19.0,1117.0,131.0
288,450.0,4.0,662.0,286.0,195.0,2.0,731.0,198.0,0.0,21.0,1193.0,130.0
289,459.0,5.0,564.0,0.0,181.0,2.0,962.0,406.0,8.0,30.0,1221.0,118.0
290,457.0,4.0,528.0,0.0,149.0,7.0,802.0,775.0,4.0,22.0,1125.0,138.0
291,431.0,3.0,634.0,0.0,0.0,22.0,412.0,310.0,3.0,30.0,575.0,156.0
292,466.0,4.0,499.0,0.0,0.0,11.0,240.0,323.0,0.0,42.0,801.0,145.0
293,514.0,8.0,887.0,0.0,334.0,17.0,356.0,627.0,0.0,24.0,1439.0,176.0
294,485.0,8.0,761.0,0.0,260.0,8.0,348.0,212.0,0.0,23.0,1463.0,121.0
295,485.0,6.0,649.0,448.0,178.0,0.0,852.0,174.0,0.0,29.0,1243.0,147.0
296,498.0,2.0,484.0,0.0,126.0,10.0,1129.0,366.0,13.0,15.0,1227.0,166.0
297,512.0,7.0,491.0,0.0,0.0,34.0,964.0,831.0,3.0,31.0,1367.0,148.0
298,508.0,13.0,846.0,0.0,0.0,43.0,553.0,293.0,13.0,30.0,788.0,171.0
299,496.0,12.0,680.0,0.0,0.0,12.0,336.0,290.0,2.0,37.0,877.0,197.0
300,499.0,22.0,683.0,0.0,298.0,7.0,312.0,627.0,5.0,30.0,1744.0,163.0
301,461.0,11.0,674.0,238.0,320.0,12.0,302.0,193.0,0.0,25.0,1936.0,195.0
302,460.0,14.0,553.0,0.0,247.0,0.0,944.0,150.0,0.0,28.0,2015.0,167.0
303,486.0,15.0,352.0,297.0,148.0,7.0,1019.0,371.0,6.0,27.0,1973.0,196.0
304,501.0,24.0,415.0,171.0,0.0,12.0,1070.0,787.0,4.0,26.0,1630.0,184.0
305,465.0,24.0,628.0,0.0,0.0,33.0,1188.0,289.0,27.0,37.0,1074.0,172.0
306,425.0,17.0,553.0,0.0,0.0,17.0,1083.0,258.0,2.0,0.0,1140.0,237.0
307,414.0,17.0,505.0,0.0,241.0,27.0,465.0,610.0,6.0,60.0,2184.0,206.0
308,504.0,17.0,459.0,0.0,352.0,43.0,343.0,187.0,0.0,27.0,2260.0,173.0
309,499.0,20.0,261.0,401.0,0.0,3.0,891.0,130.0,0.0,28.0,1390.0,194.0
310,407.0,15.0,305.0,351.0,245.0,3.0,1060.0,351.0,4.0,30.0,1619.0,183.0
311,436.0,11.0,445.0,138.0,199.0,60.0,1244.0,802.0,4.0,32.0,1407.0,180.0
312,466.0,40.0,659.0,0.0,0.0,55.0,1113.0,275.0,18.0,35.0,1047.0,215.0
313,472.0,20.0,575.0,0.0,0.0,89.0,980.0,290.0,1.0,37.0,1375.0,200.0
314,448.0,21.0,555.0,0.0,401.0,36.0,445.0,159.0,0.0,32.0,2558.0,182.0
315,496.0,17.0,462.0,0.0,408.0,34.0,214.0,146.0,0.0,28.0,2780.0,164.0
316,491.0,25.0,364.0,474.0,195.0,27.0,989.0,173.0,0.0,14.0,2911.0,195.0
317,488.0,20.0,347.0,124.0,201.0,16.0,1148.0,363.0,4.0,27.0,2667.0,201.0
318,480.0,19.0,348.0,84.0,235.0,29.0,1013.0,968.0,2.0,20.0,2401.0,183.0
319,506.0,26.0,649.0,0.0,0.0,36.0,859.0,303.0,6.0,20.0,1417.0,161.0
320,507.0,20.0,548.0,0.0,0.0,62.0,879.0,251.0,1.0,21.0,1641.0,205.0
321,484.0,19.0,414.0,0.0,455.0,36.0,349.0,132.0,7.0,13.0,2602.0,186.0
322,567.0,35.0,620.0,242.0,404.0,49.0,217.0,156.0,0.0,22.0,2951.0,171.0
323,586.0,19.0,483.0,178.0,464.0,8.0,903.0,116.0,0.0,19.0,2914.0,182.0
324,548.0,25.0,361.0,95.0,404.0,31.0,982.0,378.0,3.0,20.0,3334.0,176.0
325,551.0,15.0,448.0,71.0,400.0,25.0,941.0,866.0,1.0,15.0,2506.0,170.0
326,602.0,25.0,616.0,0.0,0.0,34.0,839.0,282.0,6.0,10.0,1595.0,163.0
327,629.0,20.0,507.0,0.0,0.0,19.0,794.0,275.0,8.0,14.0,1695.0,155.0
328,629.0,10.0,522.0,0.0,767.0,14.0,399.0,590.0,0.0,17.0,2906.0,170.0
329,616.0,22.0,477.0,224.0,586.0,22.0,175.0,167.0,0.0,14.0,3685.0,198.0
330,655.0,19.0,475.0,124.0,497.0,8.0,861.0,151.0,0.0,1.0,3418.0,177.0
331,692.0,13.0,377.0,89.0,515.0,1.0,975.0,310.0,0.0,0.0,2929.0,125.0
332,718.0,15.0,377.0,87.0,513.0,73.0,786.0,741.0,1.0,28.0,2737.0,171.0
333,723.0,19.0,603.0,0.0,0.0,30.0,855.0,229.0,9.0,11.0,1695.0,168.0
334,713.0,17.0,524.0,0.0,0.0,58.0,689.0,282.0,0.0,14.0,1826.0,141.0
335,760.0,16.0,521.0,0.0,762.0,46.0,231.0,634.0,0.0,11.0,3333.0,146.0
336,824.0,12.0,472.0,73.0,724.0,49.0,158.0,190.0,0.0,4.0,3314.0,157.0
337,809.0,9.0,488.0,138.0,565.0,52.0,481.0,140.0,0.0,8.0,2859.0,136.0
338,833.0,12.0,299.0,44.0,432.0,34.0,813.0,403.0,1.0,9.0,1498.0,121.0
339,807.0,11.0,420.0,58.0,584.0,37.0,666.0,654.0,0.0,7.0,1912.0,131.0
340,896.0,11.0,541.0,0.0,0.0,2.0,556.0,310.0,14.0,8.0,1430.0,124.0
341,972.0,7.0,467.0,0.0,0.0,50.0,551.0,346.0,0.0,3.0,1898.0,150.0
342,1014.0,8.0,492.0,0.0,909.0,30.0,218.0,649.0,0.0,8.0,3577.0,162.0
343,1055.0,13.0,477.0,59.0,766.0,39.0,116.0,229.0,0.0,6.0,3856.0,114.0
344,1052.0,15.0,421.0,82.0,643.0,23.0,528.0,171.0,0.0,5.0,3250.0,113.0
345,1093.0,6.0,237.0,29.0,513.0,11.0,560.0,445.0,1.0,5.0,2203.0,108.0
346,1173.0,5.0,329.0,51.0,530.0,20.0,534.0,612.0,0.0,0.0,2520.0,108.0
347,1243.0,10.0,499.0,0.0,0.0,67.0,508.0,350.0,12.0,2.0,1422.0,118.0
348,1319.0,6.0,476.0,0.0,0.0,35.0,490.0,343.0,0.0,6.0,2012.0,110.0
349,1308.0,7.0,421.0,0.0,702.0,44.0,145.0,820.0,2.0,2.0,3572.0,124.0
350,1340.0,11.0,377.0,64.0,530.0,66.0,62.0,240.0,0.0,5.0,3873.0,111.0
351,1324.0,5.0,385.0,80.0,337.0,32.0,415.0,195.0,0.0,3.0,3998.0,118.0
352,1418.0,7.0,270.0,5.0,388.0,21.0,422.0,455.0,1.0,4.0,4154.0,104.0
353,1361.0,3.0,307.0,28.0,397.0,18.0,385.0,724.0,0.0,2.0,3202.0,98.0
354,1401.0,8.0,422.0,0.0,0.0,71.0,394.0,357.0,9.0,3.0,2090.0,119.0
355,1490.0,4.0,336.0,0.0,0.0,38.0,369.0,0.0,0.0,4.0,1857.0,101.0
356,1382.0,10.0,391.0,0.0,535.0,38.0,157.0,1006.0,0.0,3.0,4374.0,107.0
357,1349.0,11.0,316.0,56.0,443.0,23.0,60.0,190.0,0.0,0.0,3988.0,95.0
358,1334.0,7.0,311.0,82.0,389.0,19.0,358.0,171.0,0.0,2.0,3777.0,90.0
359,1287.0,8.0,221.0,13.0,345.0,4.0,418.0,458.0,0.0,2.0,3815.0,64.0
360,1239.0,5.0,258.0,26.0,329.0,26.0,359.0,722.0,0.0,0.0,3552.0,79.0
361,1263.0,7.0,336.0,0.0,0.0,36.0,264.0,293.0,0.0,1.0,1980.0,92.0
362,1172.0,4.0,369.0,0.0,0.0,23.0,300.0,359.0,7.0,2.0,1579.0,116.0
363,1232.0,6.0,347.0,0.0,467.0,65.0,96.0,642.0,0.0,3.0,2404.0,69.0
364,1224.0,6.0,348.0,39.0,192.0,22.0,34.0,198.0,0.0,3.0,4395.0,93.0
365,1160.0,3.0,251.0,46.0,446.0,21.0,255.0,161.0,0.0,1.0,4100.0,105.0
366,1025.0,4.0,232.0,23.0,254.0,4.0,300.0,412.0,1.0,2.0,3777.0,62.0
367,995.0,5.0,274.0,35.0,637.0,19.0,321.0,582.0,1.0,2.0,3524.0,87.0
368,1006.0,11.0,356.0,0.0,0.0,41.0,252.0,306.0,7.0,1.0,1826.0,62.0
369,963.0,3.0,318.0,0.0,0.0,33.0,239.0,270.0,0.0,1.0,1781.0,87.0
370,975.0,5.0,308.0,0.0,298.0,79.0,70.0,567.0,0.0,0.0,3980.0,75.0
371,826.0,4.0,253.0,26.0,291.0,23.0,47.0,151.0,0.0,2.0,4065.0,68.0
372,874.0,10.0,280.0,56.0,234.0,16.0,238.0,159.0,0.0,1.0,3805.0,26.0
373,787.0,8.0,192.0,8.0,124.0,27.0,249.0,333.0,1.0,2.0,3564.0,17.0
374,753.0,2.0,246.0,26.0,173.0,26.0,227.0,425.0,0.0,1.0,2856.0,18.0
375,781.0,1.0,343.0,0.0,0.0,36.0,226.0,274.0,7.0,1.0,1931.0,254.0
376,723.0,6.0,347.0,0.0,0.0,42.0,207.0,257.0,0.0,5.0,1779.0,74.0
377,712.0,7.0,339.0,0.0,166.0,50.0,99.0,535.0,0.0,2.0,3536.0,58.0
378,676.0,8.0,297.0,53.0,141.0,47.0,50.0,182.0,0.0,2.0,3866.0,83.0
379,636.0,5.0,307.0,42.0,228.0,59.0,250.0,122.0,0.0,1.0,3885.0,91.0
380,586.0,2.0,207.0,16.0,117.0,8.0,248.0,367.0,4.0,1.0,3663.0,111.0
381,605.0,8.0,318.0,29.0,0.0,34.0,228.0,417.0,1.0,2.0,2726.0,48.0
382,615.0,3.0,376.0,0.0,0.0,67.0,183.0,315.0,12.0,2.0,1461.0,94.0
383,566.0,3.0,332.0,0.0,0.0,30.0,157.0,293.0,0.0,4.0,1450.0,82.0
384,506.0,4.0,373.0,0.0,633.0,33.0,90.0,424.0,0.0,1.0,3034.0,74.0
385,521.0,10.0,380.0,28.0,201.0,19.0,43.0,162.0,0.0,4.0,3362.0,96.0
386,469.0,5.0,317.0,35.0,0.0,27.0,180.0,130.0,0.0,1.0,3161.0,82.0
387,452.0,2.0,264.0,33.0,676.0,31.0,249.0,356.0,3.0,1.0,2842.0,71.0
388,411.0,6.0,354.0,0.0,590.0,17.0,201.0,367.0,1.0,2.0,2251.0,44.0
389,379.0,3.0,502.0,0.0,0.0,53.0,232.0,331.0,6.0,3.0,1151.0,93.0
390,380.0,8.0,431.0,0.0,0.0,58.0,120.0,253.0,1.0,1.0,947.0,56.0
391,366.0,2.0,423.0,0.0,189.0,43.0,68.0,223.0,0.0,0.0,1643.0,77.0
392,355.0,2.0,386.0,35.0,106.0,117.0,50.0,169.0,0.0,3.0,2407.0,62.0
393,303.0,3.0,401.0,45.0,154.0,18.0,90.0,140.0,0.0,2.0,2558.0,83.0
394,307.0,3.0,300.0,17.0,82.0,5.0,298.0,325.0,3.0,2.0,2514.0,83.0
395,281.0,1.0,386.0,26.0,0.0,53.0,306.0,408.0,1.0,3.0,1913.0,52.0
396,297.0,7.0,551.0,0.0,157.0,49.0,296.0,225.0,18.0,1.0,1209.0,94.0
397,244.0,3.0,460.0,0.0,0.0,89.0,246.0,263.0,1.0,2.0,1210.0,73.0
398,218.0,2.0,460.0,0.0,85.0,39.0,104.0,285.0,1.0,3.0,2260.0,53.0
399,233.0,7.0,457.0,39.0,128.0,113.0,99.0,167.0,0.0,0.0,3217.0,69.0
400,222.0,5.0,380.0,60.0,126.0,62.0,294.0,137.0,0.0,3.0,2414.0,43.0
401,210.0,1.0,297.0,41.0,142.0,0.0,342.0,343.0,1.0,4.0,2131.0,45.0
402,197.0,4.0,417.0,27.0,149.0,41.0,293.0,287.0,0.0,4.0,1513.0,61.0
403,197.0,3.0,529.0,0.0,0.0,60.0,247.0,227.0,25.0,2.0,1086.0,45.0
404,185.0,2.0,467.0,0.0,0.0,161.0,219.0,225.0,1.0,2.0,1317.0,71.0
405,162.0,4.0,501.0,0.0,197.0,97.0,67.0,895.0,1.0,5.0,1914.0,62.0
406,173.0,2.0,481.0,37.0,100.0,96.0,92.0,190.0,0.0,2.0,2524.0,58.0
407,135.0,3.0,376.0,38.0,131.0,19.0,297.0,124.0,0.0,1.0,1925.0,52.0
408,135.0,4.0,326.0,19.0,126.0,123.0,331.0,360.0,0.0,2.0,1715.0,40.0
409,137.0,4.0,296.0,41.0,99.0,89.0,259.0,381.0,0.0,2.0,1520.0,76.0
410,138.0,4.0,421.0,0.0,0.0,81.0,265.0,283.0,17.0,2.0,701.0,21.0
411,114.0,4.0,627.0,0.0,0.0,82.0,286.0,304.0,1.0,2.0,717.0,69.0
412,127.0,2.0,487.0,0.0,121.0,79.0,120.0,327.0,2.0,0.0,1761.0,51.0
413,100.0,6.0,718.0,45.0,0.0,93.0,60.0,178.0,0.0,6.0,1537.0,63.0
414,104.0,1.0,344.0,32.0,262.0,16.0,344.0,185.0,0.0,1.0,1542.0,39.0
415,100.0,3.0,331.0,2.0,132.0,25.0,312.0,197.0,1.0,0.0,1422.0,59.0
416,126.0,2.0,358.0,46.0,95.0,98.0,264.0,429.0,0.0,1.0,968.0,60.0
417,108.0,5.0,476.0,0.0,0.0,44.0,306.0,408.0,10.0,0.0,515.0,56.0
418,94.0,7.0,469.0,0.0,0.0,111.0,232.0,342.0,0.0,2.0,705.0,33.0
419,70.0,6.0,380.0,0.0,147.0,43.0,110.0,324.0,0.0,2.0,1253.0,39.0
420,79.0,2.0,429.0,43.0,117.0,76.0,84.0,196.0,0.0,2.0,1195.0,41.0
421,75.0,4.0,310.0,60.0,88.0,85.0,315.0,176.0,0.0,0.0,1631.0,37.0
422,65.0,3.0,251.0,7.0,137.0,20.0,285.0,385.0,0.0,0.0,1023.0,37.0
423,49.0,4.0,316.0,15.0,136.0,44.0,250.0,333.0,0.0,2.0,771.0,42.0
424,71.0,1.0,390.0,0.0,0.0,63.0,284.0,297.0,7.0,0.0,707.0,57.0
425,56.0,4.0,364.0,0.0,0.0,93.0,238.0,294.0,0.0,0.0,554.0,41.0
426,74.0,2.0,360.0,0.0,77.0,72.0,127.0,331.0,0.0,0.0,945.0,34.0
427,63.0,3.0,342.0,44.0,106.0,178.0,54.0,189.0,0.0,3.0,1462.0,11.0
428,50.0,1.0,322.0,50.0,167.0,7.0,283.0,128.0,0.0,0.0,1345.0,40.0
429,42.0,1.0,217.0,0.0,160.0,87.0,268.0,447.0,0.0,1.0,1156.0,32.0
430,53.0,4.0,301.0,8.0,66.0,91.0,278.0,387.0,0.0,0.0,805.0,31.0
431,45.0,3.0,373.0,0.0,0.0,102.0,190.0,306.0,7.0,2.0,442.0,25.0
432,45.0,1.0,344.0,0.0,0.0,43.0,177.0,283.0,0.0,1.0,636.0,26.0
433,45.0,4.0,288.0,0.0,103.0,85.0,71.0,332.0,0.0,0.0,892.0,24.0
434,62.0,3.0,263.0,26.0,205.0,73.0,64.0,216.0,0.0,1.0,1071.0,17.0
435,38.0,3.0,226.0,48.0,108.0,13.0,221.0,144.0,0.0,1.0,1100.0,19.0
436,43.0,2.0,144.0,2.0,73.0,17.0,284.0,377.0,1.0,1.0,892.0,30.0
437,41.0,1.0,256.0,15.0,58.0,17.0,237.0,340.0,0.0,1.0,756.0,17.0
438,37.0,6.0,305.0,0.0,0.0,85.0,226.0,312.0,1.0,1.0,313.0,26.0
439,47.0,7.0,267.0,0.0,0.0,45.0,170.0,306.0,0.0,0.0,465.0,21.0
440,35.0,4.0,258.0,0.0,93.0,51.0,82.0,290.0,0.0,1.0,831.0,25.0
441,43.0,9.0,207.0,30.0,70.0,77.0,43.0,192.0,0.0,4.0,2602.0,14.0
442,32.0,5.0,224.0,40.0,66.0,60.0,33.0,86.0,0.0,0.0,1013.0,16.0
443,43.0,9.0,139.0,15.0,33.0,27.0,270.0,311.0,0.0,0.0,903.0,18.0
444,31.0,1.0,198.0,0.0,19.0,48.0,269.0,254.0,0.0,0.0,760.0,26.0
445,23.0,4.0,251.0,0.0,0.0,61.0,192.0,242.0,2.0,0.0,292.0,9.0
446,35.0,5.0,262.0,0.0,0.0,25.0,163.0,219.0,0.0,1.0,453.0,18.0
447,36.0,7.0,201.0,0.0,91.0,49.0,56.0,251.0,0.0,0.0,864.0,29.0
448,33.0,2.0,182.0,0.0,90.0,18.0,36.0,160.0,0.0,1.0,937.0,12.0
449,29.0,3.0,136.0,0.0,54.0,36.0,153.0,115.0,0.0,0.0,908.0,33.0
450,24.0,4.0,93.0,61.0,33.0,5.0,179.0,292.0,0.0,2.0,870.0,10.0
451,27.0,3.0,140.0,11.0,17.0,17.0,166.0,249.0,0.0,0.0,709.0,11.0
452,21.0,1.0,201.0,0.0,0.0,72.0,86.0,164.0,5.0,0.0,350.0,8.0
453,25.0,8.0,149.0,0.0,0.0,46.0,122.0,131.0,0.0,2.0,496.0,13.0
454,21.0,4.0,164.0,0.0,48.0,48.0,74.0,171.0,0.0,1.0,837.0,15.0
455,17.0,6.0,218.0,23.0,30.0,21.0,22.0,112.0,0.0,2.0,898.0,16.0
456,16.0,4.0,125.0,16.0,66.0,30.0,140.0,81.0,0.0,0.0,941.0,10.0
457,16.0,5.0,72.0,3.0,0.0,3.0,107.0,196.0,0.0,1.0,763.0,9.0
458,19.0,3.0,110.0,9.0,146.0,10.0,94.0,215.0,0.0,1.0,750.0,16.0
459,17.0,4.0,166.0,0.0,1.0,92.0,102.0,134.0,1.0,0.0,309.0,2.0
460,15.0,2.0,121.0,0.0,0.0,22.0,129.0,132.0,0.0,1.0,481.0,14.0
461,22.0,3.0,171.0,0.0,40.0,59.0,18.0,123.0,0.0,0.0,666.0,8.0
462,17.0,3.0,126.0,0.0,73.0,50.0,10.0,87.0,0.0,2.0,984.0,7.0
463,17.0,5.0,83.0,0.0,23.0,9.0,93.0,57.0,0.0,0.0,884.0,2.0
464,20.0,6.0,44.0,0.0,133.0,11.0,137.0,62.0,0.0,1.0,804.0,8.0
465,11.0,2.0,82.0,0.0,36.0,11.0,105.0,220.0,0.0,0.0,749.0,14.0
466,8.0,4.0,93.0,0.0,0.0,52.0,91.0,130.0,2.0,0.0,323.0,8.0
467,21.0,2.0,62.0,0.0,0.0,10.0,99.0,142.0,0.0,0.0,486.0,0.0
468,15.0,3.0,59.0,0.0,16.0,56.0,16.0,123.0,0.0,0.0,874.0,8.0
469,15.0,1.0,73.0,34.0,62.0,52.0,10.0,68.0,0.0,0.0,814.0,6.0
470,14.0,2.0,57.0,8.0,36.0,38.0,77.0,42.0,0.0,1.0,796.0,15.0
471,15.0,2.0,51.0,3.0,19.0,0.0,51.0,124.0,0.0,1.0,758.0,8.0
472,14.0,1.0,65.0,0.0,18.0,22.0,93.0,134.0,0.0,1.0,639.0,4.0
473,13.0,1.0,102.0,0.0,0.0,15.0,62.0,79.0,2.0,0.0,263.0,2.0
474,11.0,2.0,77.0,0.0,0.0,45.0,68.0,69.0,0.0,1.0,402.0,12.0
475,4.0,2.0,88.0,0.0,37.0,18.0,8.0,87.0,0.0,1.0,680.0,2.0
476,7.0,2.0,69.0,7.0,30.0,37.0,8.0,57.0,0.0,1.0,766.0,0.0
477,18.0,1.0,52.0,3.0,29.0,0.0,57.0,18.0,0.0,0.0,747.0,9.0
478,4.0,3.0,26.0,1.0,18.0,35.0,56.0,64.0,0.0,0.0,631.0,4.0
479,16.0,3.0,36.0,1.0,13.0,13.0,63.0,70.0,0.0,1.0,524.0,5.0
480,16.0,4.0,63.0,0.0,0.0,20.0,69.0,53.0,2.0,0.0,269.0,7.0
481,11.0,1.0,52.0,0.0,0.0,40.0,16.0,67.0,0.0,0.0,402.0,4.0
482,14.0,1.0,37.0,0.0,10.0,35.0,7.0,74.0,0.0,0.0,781.0,4.0
483,8.0,2.0,35.0,2.0,40.0,11.0,1.0,31.0,0.0,1.0,654.0,7.0
484,14.0,1.0,28.0,6.0,46.0,16.0,31.0,6.0,0.0,0.0,684.0,2.0
485,12.0,5.0,17.0,3.0,8.0,0.0,48.0,63.0,0.0,0.0,602.0,2.0
486,9.0,2.0,21.0,1.0,28.0,2.0,31.0,77.0,0.0,0.0,488.0,6.0
487,11.0,2.0,31.0,0.0,0.0,18.0,49.0,36.0,0.0,0.0,205.0,11.0
488,10.0,1.0,30.0,0.0,0.0,22.0,35.0,56.0,0.0,1.0,441.0,5.0
489,12.0,1.0,10.0,0.0,23.0,27.0,6.0,67.0,0.0,1.0,639.0,1.0
490,16.0,1.0,56.0,2.0,18.0,34.0,2.0,22.0,0.0,1.0,985.0,5.0
491,14.0,3.0,40.0,0.0,17.0,20.0,26.0,14.0,0.0,0.0,1350.0,10.0
492,7.0,1.0,14.0,1.0,28.0,5.0,28.0,34.0,0.0,0.0,534.0,4.0
493,13.0,2.0,28.0,3.0,6.0,8786.0,32.0,50.0,0.0,0.0,328.0,5.0
494,6.0,2.0,42.0,0.0,0.0,8.0,18.0,27.0,3.0,0.0,148.0,7.0
495,15.0,1.0,24.0,0.0,0.0,25.0,22.0,44.0,0.0,0.0,181.0,7.0
496,17.0,3.0,21.0,0.0,17.0,20.0,3.0,33.0,0.0,0.0,642.0,2.0
497,16.0,3.0,28.0,4.0,13.0,0.0,1.0,12.0,0.0,0.0,561.0,3.0
498,13.0,1.0,22.0,1.0,10.0,0.0,34.0,17.0,0.0,0.0,631.0,9.0
499,12.0,1.0,12.0,0.0,41.0,629.0,19.0,44.0,0.0,1.0,517.0,7.0
500,12.0,2.0,31.0,0.0,12.0,0.0,42.0,33.0,0.0,3.0,584.0,1.0
501,13.0,4.0,24.0,0.0,0.0,61.0,34.0,23.0,0.0,1.0,170.0,12.0
502,21.0,1.0,14.0,0.0,0.0,62.0,28.0,29.0,0.0,1.0,310.0,2.0
503,16.0,1.0,13.0,0.0,23.0,42.0,4.0,23.0,0.0,0.0,309.0,7.0
504,9.0,2.0,25.0,4.0,29.0,40.0,3.0,17.0,0.0,1.0,475.0,9.0
505,18.0,2.0,12.0,0.0,18.0,3.0,38.0,9.0,0.0,0.0,403.0,8.0
506,20.0,5.0,7.0,1.0,28.0,10.0,21.0,31.0,0.0,1.0,526.0,7.0
507,22.0,1.0,13.0,0.0,27.0,50.0,21.0,27.0,0.0,0.0,268.0,13.0
508,13.0,2.0,20.0,0.0,0.0,27.0,30.0,22.0,5.0,0.0,112.0,7.0
509,18.0,2.0,23.0,0.0,0.0,33.0,21.0,25.0,0.0,2.0,189.0,14.0
510,9.0,2.0,9.0,0.0,47.0,20.0,1.0,16.0,0.0,0.0,323.0,3.0
511,29.0,1.0,11.0,2.0,55.0,14.0,1.0,19.0,0.0,0.0,383.0,13.0
512,22.0,4.0,13.0,0.0,73.0,7.0,19.0,4.0,0.0,0.0,299.0,15.0
513,17.0,2.0,3.0,0.0,46.0,21.0,25.0,23.0,0.0,0.0,600.0,6.0
514,24.0,1.0,7.0,0.0,44.0,3.0,26.0,50.0,1.0,2.0,170.0,8.0
515,18.0,1.0,10.0,0.0,0.0,18.0,24.0,0.0,2.0,0.0,79.0,40.0
516,24.0,1.0,21.0,0.0,0.0,33.0,24.0,14.0,0.0,1.0,259.0,29.0
517,26.0,3.0,15.0,0.0,157.0,55.0,4.0,22.0,1.0,3.0,344.0,10.0
518,28.0,3.0,17.0,1.0,130.0,29.0,2.0,16.0,0.0,1.0,386.0,15.0
519,32.0,2.0,5.0,0.0,71.0,19.0,19.0,5.0,0.0,1.0,341.0,22.0
520,31.0,5.0,7.0,0.0,87.0,12.0,14.0,12.0,1.0,0.0,528.0,10.0
521,30.0,4.0,22.0,0.0,75.0,22.0,17.0,29.0,1.0,2.0,161.0,33.0
522,29.0,2.0,24.0,0.0,0.0,29.0,19.0,10.0,1.0,0.0,75.0,13.0
523,35.0,4.0,15.0,0.0,0.0,12.0,11.0,11.0,0.0,0.0,159.0,16.0
524,36.0,2.0,19.0,0.0,119.0,19.0,3.0,36.0,0.0,1.0,329.0,16.0
525,42.0,4.0,18.0,1.0,102.0,18.0,4.0,22.0,0.0,1.0,300.0,37.0
526,52.0,6.0,16.0,3.0,93.0,2.0,28.0,6.0,0.0,2.0,283.0,19.0
527,45.0,3.0,5.0,2.0,87.0,5.0,22.0,37.0,0.0,1.0,435.0,26.0
528,36.0,1.0,20.0,4.0,63.0,12.0,22.0,25.0,0.0,1.0,83.0,16.0
529,43.0,5.0,27.0,0.0,0.0,30.0,13.0,33.0,3.0,3.0,40.0,29.0
530,50.0,2.0,21.0,0.0,0.0,32.0,17.0,23.0,0.0,2.0,121.0,31.0
531,47.0,3.0,27.0,0.0,125.0,41.0,3.0,62.0,0.0,3.0,305.0,23.0
532,54.0,4.0,24.0,2.0,144.0,16.0,4.0,43.0,0.0,1.0,326.0,24.0
533,55.0,3.0,22.0,4.0,144.0,9.0,42.0,18.0,0.0,3.0,251.0,23.0
534,60.0,5.0,11.0,8.0,121.0,12.0,39.0,23.0,0.0,0.0,462.0,31.0
535,73.0,4.0,22.0,3.0,132.0,15.0,21.0,44.0,0.0,4.0,78.0,24.0
536,88.0,9.0,31.0,0.0,0.0,37.0,14.0,31.0,8.0,0.0,121.0,28.0
537,68.0,1.0,31.0,0.0,0.0,9.0,22.0,52.0,0.0,0.0,235.0,50.0
538,61.0,3.0,30.0,0.0,201.0,29.0,12.0,53.0,0.0,3.0,357.0,24.0
539,85.0,6.0,45.0,7.0,190.0,17.0,10.0,32.0,0.0,3.0,328.0,16.0
540,83.0,4.0,34.0,0.0,163.0,1.0,60.0,28.0,0.0,0.0,356.0,42.0
541,69.0,8.0,19.0,0.0,171.0,1.0,23.0,61.0,0.0,2.0,453.0,30.0
542,72.0,11.0,24.0,0.0,139.0,12.0,33.0,49.0,1.0,2.0,72.0,32.0
543,79.0,6.0,54.0,0.0,0.0,26.0,45.0,42.0,3.0,5.0,95.0,19.0
544,77.0,5.0,69.0,0.0,0.0,15.0,24.0,76.0,1.0,5.0,198.0,68.0
545,84.0,13.0,55.0,0.0,146.0,20.0,21.0,89.0,0.0,4.0,290.0,18.0
546,88.0,6.0,49.0,7.0,194.0,18.0,8.0,53.0,0.0,3.0,363.0,37.0
547,105.0,5.0,45.0,1.0,132.0,4.0,59.0,44.0,0.0,0.0,288.0,19.0
548,91.0,13.0,23.0,2.0,168.0,1.0,35.0,25.0,0.0,3.0,551.0,41.0
549,97.0,7.0,44.0,1.0,155.0,42.0,50.0,83.0,2.0,0.0,136.0,46.0
550,92.0,6.0,60.0,0.0,0.0,68.0,55.0,102.0,12.0,3.0,102.0,33.0
551,80.0,9.0,59.0,0.0,0.0,33.0,45.0,129.0,0.0,2.0,250.0,45.0
552,92.0,20.0,43.0,0.0,133.0,42.0,8.0,51.0,0.0,3.0,458.0,29.0
553,101.0,8.0,45.0,26.0,138.0,21.0,12.0,129.0,0.0,3.0,383.0,17.0
554,98.0,11.0,54.0,11.0,81.0,6.0,68.0,115.0,0.0,3.0,318.0,38.0
555,106.0,3.0,37.0,13.0,71.0,5.0,83.0,62.0,0.0,2.0,885.0,23.0
556,84.0,5.0,53.0,22.0,72.0,24.0,68.0,115.0,0.0,3.0,175.0,57.0
557,84.0,1.0,75.0,0.0,0.0,15.0,20.0,68.0,9.0,1.0,232.0,43.0
558,85.0,7.0,69.0,0.0,0.0,15.0,63.0,121.0,0.0,4.0,343.0,39.0
559,89.0,11.0,62.0,0.0,103.0,12.0,38.0,99.0,0.0,2.0,586.0,61.0
560,106.0,5.0,58.0,15.0,155.0,12.0,13.0,0.0,0.0,0.0,546.0,16.0
561,98.0,7.0,56.0,19.0,90.0,3.0,81.0,53.0,0.0,2.0,525.0,51.0
562,104.0,6.0,49.0,4.0,101.0,0.0,71.0,37.0,0.0,4.0,1132.0,16.0
563,91.0,6.0,52.0,8.0,44.0,15.0,115.0,130.0,1.0,6.0,266.0,37.0
564,89.0,3.0,71.0,0.0,0.0,5.0,65.0,81.0,10.0,2.0,135.0,64.0
565,102.0,4.0,69.0,0.0,0.0,17.0,62.0,109.0,0.0,2.0,515.0,47.0
566,111.0,9.0,59.0,0.0,118.0,7.0,28.0,28.0,0.0,3.0,834.0,43.0
567,115.0,5.0,62.0,29.0,82.0,10.0,10.0,83.0,0.0,4.0,805.0,17.0
568,127.0,10.0,57.0,6.0,102.0,4.0,101.0,49.0,0.0,0.0,1031.0,23.0
569,118.0,1.0,34.0,8.0,100.0,1.0,67.0,117.0,0.0,1.0,1059.0,41.0
570,129.0,1.0,36.0,4.0,44.0,13.0,67.0,94.0,0.0,0.0,270.0,33.0
571,120.0,7.0,72.0,0.0,0.0,8.0,73.0,0.0,10.0,1.0,216.0,41.0
572,118.0,13.0,73.0,0.0,0.0,9.0,66.0,90.0,0.0,3.0,1040.0,19.0
573,108.0,6.0,67.0,0.0,69.0,0.0,9.0,94.0,0.0,1.0,1022.0,53.0
574,125.0,3.0,66.0,8.0,60.0,11.0,7.0,46.0,0.0,0.0,1205.0,26.0
575,139.0,5.0,51.0,13.0,39.0,0.0,90.0,29.0,0.0,0.0,1785.0,24.0
576,134.0,10.0,26.0,15.0,18.0,1.0,76.0,67.0,0.0,2.0,1462.0,51.0
577,139.0,5.0,44.0,1.0,48.0,0.0,68.0,94.0,0.0,3.0,574.0,43.0
578,109.0,4.0,67.0,0.0,0.0,51.0,86.0,0.0,13.0,0.0,216.0,55.0
579,127.0,6.0,67.0,0.0,0.0,9.0,65.0,31.0,0.0,2.0,1336.0,45.0
580,125.0,8.0,63.0,0.0,64.0,0.0,24.0,87.0,0.0,3.0,1432.0,18.0
581,137.0,7.0,52.0,15.0,94.0,20.0,7.0,42.0,0.0,1.0,1557.0,19.0
582,152.0,7.0,50.0,2.0,57.0,0.0,88.0,28.0,0.0,5.0,2218.0,30.0
583,145.0,9.0,44.0,4.0,23.0,0.0,92.0,0.0,0.0,3.0,1740.0,43.0
584,164.0,6.0,45.0,30.0,77.0,9.0,72.0,104.0,0.0,2.0,650.0,31.0
585,157.0,8.0,65.0,0.0,0.0,0.0,65.0,51.0,9.0,4.0,327.0,37.0
586,165.0,10.0,63.0,0.0,0.0,5.0,75.0,61.0,0.0,2.0,1712.0,39.0
587,143.0,7.0,51.0,0.0,49.0,3.0,17.0,53.0,1.0,0.0,1447.0,38.0
588,180.0,16.0,52.0,7.0,0.0,3.0,10.0,0.0,0.0,1.0,2048.0,30.0
589,150.0,7.0,25.0,22.0,42.0,4.0,88.0,14.0,0.0,2.0,3012.0,24.0
590,144.0,3.0,33.0,1.0,48.0,1.0,92.0,71.0,0.0,0.0,1939.0,50.0
591,141.0,6.0,37.0,7.0,57.0,0.0,67.0,47.0,1.0,4.0,652.0,34.0
592,118.0,11.0,50.0,0.0,0.0,9.0,116.0,36.0,5.0,5.0,427.0,39.0
593,170.0,12.0,39.0,0.0,0.0,4.0,86.0,61.0,0.0,1.0,608.0,23.0
594,169.0,8.0,41.0,0.0,56.0,12.0,23.0,47.0,0.0,0.0,2095.0,40.0
595,162.0,10.0,30.0,9.0,21.0,2.0,17.0,30.0,0.0,4.0,2320.0,27.0
596,184.0,6.0,46.0,14.0,31.0,0.0,128.0,9.0,0.0,1.0,3228.0,26.0
597,137.0,15.0,27.0,2.0,20.0,0.0,114.0,43.0,2.0,2.0,2460.0,49.0
598,136.0,8.0,34.0,7.0,30.0,0.0,126.0,40.0,0.0,0.0,843.0,23.0
599,159.0,11.0,49.0,0.0,0.0,3.0,121.0,19.0,17.0,1.0,382.0,47.0
600,137.0,11.0,37.0,0.0,0.0,1.0,90.0,33.0,1.0,5.0,2157.0,30.0
601,159.0,13.0,40.0,0.0,54.0,4.0,33.0,38.0,2.0,3.0,1929.0,47.0
602,149.0,8.0,42.0,15.0,52.0,1.0,23.0,15.0,0.0,10.0,2736.0,34.0
603,141.0,18.0,14.0,3.0,51.0,0.0,81.0,8.0,0.0,3.0,3493.0,20.0
604,128.0,16.0,24.0,7.0,33.0,0.0,194.0,35.0,0.0,2.0,2453.0,35.0
605,111.0,8.0,44.0,7.0,46.0,0.0,165.0,52.0,3.0,2.0,1007.0,43.0
606,125.0,21.0,70.0,0.0,0.0,12.0,154.0,0.0,23.0,3.0,403.0,37.0
607,120.0,9.0,33.0,0.0,0.0,12.0,142.0,27.0,1.0,4.0,2307.0,40.0
608,142.0,11.0,36.0,0.0,0.0,57.0,37.0,34.0,2.0,4.0,2451.0,39.0
609,129.0,16.0,39.0,8.0,55.0,17.0,33.0,15.0,0.0,7.0,2693.0,15.0
610,139.0,20.0,39.0,11.0,39.0,1.0,169.0,5.0,0.0,7.0,3308.0,21.0
611,118.0,21.0,24.0,2.0,15.0,1.0,236.0,46.0,1.0,5.0,2485.0,33.0
612,107.0,7.0,30.0,4.0,27.0,9.0,235.0,14.0,1.0,9.0,854.0,43.0
613,113.0,15.0,48.0,0.0,0.0,8.0,191.0,23.0,43.0,5.0,590.0,33.0
614,135.0,9.0,50.0,0.0,0.0,6.0,228.0,37.0,1.0,6.0,2258.0,35.0
615,114.0,11.0,50.0,0.0,54.0,9.0,55.0,23.0,3.0,5.0,2518.0,44.0
616,133.0,9.0,33.0,12.0,0.0,4.0,43.0,23.0,0.0,10.0,2642.0,18.0
617,122.0,13.0,37.0,13.0,59.0,0.0,265.0,4.0,0.0,3.0,2828.0,33.0
618,120.0,19.0,26.0,2.0,30.0,3.0,294.0,43.0,3.0,6.0,2132.0,27.0
619,115.0,9.0,20.0,1.0,26.0,3.0,264.0,28.0,1.0,4.0,852.0,34.0
620,138.0,16.0,41.0,0.0,0.0,13.0,201.0,33.0,46.0,9.0,542.0,41.0
621,136.0,18.0,63.0,0.0,0.0,23.0,248.0,28.0,1.0,12.0,1929.0,24.0
622,137.0,24.0,59.0,0.0,43.0,18.0,75.0,17.0,0.0,9.0,1893.0,21.0
623,161.0,20.0,51.0,16.0,29.0,34.0,62.0,22.0,0.0,13.0,2660.0,56.0
624,139.0,20.0,31.0,16.0,30.0,15.0,309.0,12.0,0.0,9.0,2474.0,27.0
625,152.0,11.0,26.0,0.0,29.0,16.0,335.0,2.0,0.0,11.0,1804.0,49.0
626,141.0,13.0,32.0,3.0,6.0,46.0,351.0,87.0,4.0,12.0,451.0,56.0
627,139.0,18.0,68.0,0.0,0.0,19.0,357.0,35.0,38.0,14.0,493.0,58.0
628,143.0,14.0,60.0,0.0,0.0,50.0,303.0,39.0,1.0,3.0,1181.0,51.0
629,154.0,21.0,67.0,0.0,22.0,82.0,104.0,24.0,0.0,15.0,2295.0,53.0
630,165.0,18.0,68.0,6.0,34.0,37.0,73.0,25.0,0.0,12.0,3187.0,30.0
631,151.0,32.0,53.0,10.0,38.0,0.0,388.0,10.0,0.0,7.0,2191.0,32.0
632,171.0,20.0,36.0,3.0,27.0,4.0,446.0,42.0,3.0,10.0,1821.0,59.0
633,166.0,12.0,44.0,6.0,24.0,6.0,388.0,39.0,0.0,9.0,598.0,64.0
634,149.0,22.0,74.0,0.0,0.0,4.0,390.0,33.0,38.0,7.0,480.0,53.0
635,177.0,21.0,72.0,0.0,0.0,9.0,378.0,13.0,1.0,11.0,1766.0,58.0
636,177.0,29.0,69.0,0.0,53.0,41.0,94.0,48.0,1.0,13.0,1967.0,65.0
637,199.0,28.0,48.0,7.0,44.0,10.0,81.0,16.0,0.0,9.0,3189.0,50.0
638,185.0,29.0,49.0,7.0,28.0,3.0,399.0,17.0,0.0,9.0,2018.0,49.0
639,164.0,30.0,46.0,1.0,42.0,1.0,527.0,71.0,0.0,9.0,1873.0,53.0
640,196.0,24.0,70.0,6.0,37.0,8.0,465.0,47.0,5.0,7.0,573.0,64.0
641,192.0,30.0,83.0,0.0,0.0,11.0,484.0,56.0,61.0,9.0,280.0,79.0
642,165.0,35.0,85.0,0.0,0.0,5.0,510.0,49.0,0.0,12.0,1467.0,44.0
643,184.0,38.0,71.0,0.0,0.0,7.0,132.0,47.0,2.0,3.0,1607.0,78.0
644,168.0,39.0,51.0,13.0,78.0,4.0,116.0,23.0,0.0,13.0,2064.0,48.0
645,166.0,52.0,90.0,17.0,0.0,0.0,473.0,15.0,0.0,9.0,1856.0,60.0
646,170.0,56.0,47.0,5.0,84.0,17.0,453.0,95.0,3.0,8.0,1734.0,50.0
647,161.0,32.0,65.0,5.0,59.0,10.0,522.0,83.0,2.0,60.0,399.0,74.0
648,160.0,44.0,89.0,0.0,1.0,10.0,437.0,79.0,48.0,14.0,258.0,71.0
649,157.0,35.0,103.0,0.0,0.0,7.0,414.0,67.0,0.0,15.0,1253.0,81.0
650,170.0,46.0,72.0,0.0,103.0,6.0,180.0,60.0,0.0,14.0,1290.0,49.0
651,158.0,34.0,74.0,11.0,58.0,1.0,119.0,32.0,0.0,0.0,1989.0,0.0
652,145.0,70.0,75.0,17.0,77.0,1.0,462.0,21.0,0.0,0.0,1202.0,43.0
653,152.0,43.0,43.0,6.0,48.0,1.0,510.0,122.0,1.0,30.0,2123.0,139.0
654,133.0,41.0,92.0,0.0,41.0,6.0,425.0,111.0,0.0,14.0,507.0,46.0
655,170.0,64.0,99.0,0.0,0.0,13.0,370.0,91.0,47.0,16.0,229.0,170.0
656,165.0,63.0,86.0,0.0,0.0,3.0,157.0,102.0,0.0,9.0,1213.0,97.0
657,126.0,57.0,79.0,0.0,85.0,9.0,88.0,121.0,0.0,11.0,1452.0,76.0
658,130.0,53.0,118.0,21.0,94.0,1.0,69.0,48.0,0.0,5.0,1697.0,79.0
659,141.0,80.0,96.0,11.0,50.0,1.0,372.0,27.0,0.0,15.0,901.0,80.0
660,143.0,43.0,66.0,13.0,82.0,3.0,414.0,192.0,0.0,5.0,2453.0,88.0
661,121.0,40.0,98.0,0.0,0.0,4.0,383.0,164.0,2.0,15.0,599.0,99.0
662,130.0,94.0,120.0,0.0,0.0,9.0,323.0,132.0,42.0,15.0,230.0,146.0
663,150.0,69.0,129.0,0.0,0.0,0.0,184.0,127.0,0.0,11.0,1285.0,146.0
664,124.0,62.0,123.0,0.0,120.0,3.0,46.0,145.0,1.0,10.0,1322.0,196.0
665,141.0,73.0,120.0,20.0,114.0,4.0,68.0,67.0,0.0,28.0,1668.0,86.0
666,132.0,53.0,123.0,39.0,78.0,3.0,356.0,48.0,0.0,14.0,1338.0,170.0
667,124.0,78.0,97.0,0.0,74.0,4.0,346.0,235.0,0.0,9.0,1770.0,79.0
668,144.0,54.0,137.0,8.0,0.0,409.0,443.0,156.0,0.0,14.0,475.0,266.0
669,144.0,52.0,153.0,0.0,0.0,40.0,264.0,147.0,22.0,25.0,248.0,210.0
670,121.0,78.0,146.0,0.0,0.0,27.0,268.0,172.0,9.0,20.0,1250.0,238.0
671,138.0,109.0,168.0,0.0,168.0,17.0,77.0,160.0,0.0,15.0,1359.0,223.0
672,123.0,56.0,141.0,54.0,116.0,13.0,52.0,85.0,0.0,16.0,1699.0,94.0
673,147.0,105.0,144.0,31.0,148.0,8.0,322.0,75.0,0.0,10.0,485.0,66.0
674,163.0,69.0,81.0,20.0,0.0,5.0,384.0,216.0,1.0,11.0,389.0,263.0
675,116.0,55.0,142.0,31.0,97.0,5.0,316.0,227.0,1.0,14.0,337.0,337.0
676,143.0,46.0,202.0,0.0,0.0,10.0,286.0,169.0,29.0,16.0,277.0,258.0
677,132.0,36.0,136.0,0.0,0.0,32.0,235.0,165.0,1.0,15.0,1918.0,202.0
678,133.0,73.0,156.0,0.0,202.0,8.0,47.0,167.0,1.0,21.0,1645.0,224.0
679,132.0,108.0,155.0,45.0,247.0,28.0,30.0,84.0,0.0,25.0,2003.0,89.0
680,121.0,62.0,111.0,67.0,125.0,14.0,193.0,96.0,0.0,12.0,3886.0,221.0
681,109.0,69.0,133.0,6.0,112.0,9.0,239.0,245.0,0.0,13.0,1612.0,107.0
682,136.0,36.0,140.0,43.0,139.0,24.0,234.0,294.0,2.0,14.0,699.0,304.0
683,113.0,51.0,259.0,0.0,0.0,58.0,170.0,173.0,23.0,21.0,412.0,241.0
684,152.0,57.0,231.0,0.0,0.0,22.0,179.0,180.0,0.0,18.0,1429.0,192.0
685,119.0,49.0,198.0,0.0,234.0,47.0,54.0,189.0,0.0,26.0,1517.0,213.0
686,118.0,45.0,223.0,19.0,284.0,24.0,28.0,110.0,0.0,17.0,1823.0,203.0
687,131.0,54.0,184.0,75.0,160.0,1.0,214.0,91.0,0.0,21.0,1552.0,63.0
688,106.0,51.0,157.0,10.0,162.0,19.0,166.0,270.0,1.0,17.0,1753.0,71.0
689,116.0,34.0,227.0,77.0,142.0,39.0,188.0,342.0,0.0,15.0,624.0,214.0
690,136.0,43.0,294.0,0.0,0.0,67.0,170.0,236.0,27.0,20.0,370.0,185.0
691,112.0,52.0,313.0,0.0,0.0,37.0,182.0,204.0,0.0,21.0,1394.0,166.0
692,135.0,44.0,316.0,0.0,253.0,40.0,59.0,186.0,0.0,17.0,1517.0,153.0
693,136.0,49.0,360.0,106.0,382.0,14.0,61.0,142.0,0.0,35.0,2236.0,48.0
694,117.0,22.0,308.0,67.0,215.0,9.0,188.0,90.0,0.0,18.0,1269.0,135.0
695,112.0,29.0,248.0,72.0,176.0,0.0,196.0,279.0,0.0,28.0,1864.0,69.0
696,115.0,23.0,287.0,80.0,199.0,0.0,164.0,339.0,0.0,18.0,679.0,185.0
697,132.0,45.0,434.0,0.0,0.0,0.0,170.0,224.0,45.0,21.0,320.0,151.0
698,162.0,74.0,380.0,0.0,0.0,115.0,172.0,224.0,1.0,29.0,1552.0,112.0
699,130.0,28.0,385.0,0.0,259.0,0.0,41.0,191.0,0.0,24.0,1914.0,120.0
700,176.0,21.0,373.0,64.0,408.0,0.0,49.0,148.0,0.0,37.0,4185.0,0.0
701,155.0,28.0,333.0,114.0,224.0,0.0,177.0,81.0,0.0,30.0,1407.0,127.0
702,174.0,11.0,227.0,37.0,183.0,182.0,272.0,296.0,0.0,41.0,689.0,31.0
703,169.0,25.0,352.0,106.0,0.0,2.0,238.0,375.0,0.0,30.0,242.0,135.0
704,178.0,23.0,468.0,0.0,0.0,0.0,226.0,0.0,35.0,24.0,370.0,74.0
705,200.0,32.0,427.0,0.0,0.0,67.0,198.0,433.0,0.0,44.0,1846.0,72.0
706,179.0,34.0,389.0,0.0,530.0,0.0,58.0,228.0,0.0,43.0,2292.0,79.0
707,218.0,24.0,378.0,78.0,361.0,0.0,42.0,167.0,0.0,28.0,2368.0,19.0
708,225.0,34.0,377.0,137.0,282.0,0.0,243.0,115.0,0.0,34.0,1490.0,27.0
709,216.0,20.0,235.0,52.0,393.0,55.0,247.0,386.0,1.0,29.0,730.0,69.0
710,241.0,23.0,349.0,84.0,389.0,12.0,261.0,467.0,0.0,34.0,401.0,67.0
711,242.0,17.0,427.0,0.0,0.0,0.0,264.0,207.0,49.0,47.0,406.0,59.0
712,233.0,15.0,395.0,0.0,0.0,51.0,210.0,263.0,0.0,39.0,1903.0,58.0
713,237.0,25.0,414.0,0.0,601.0,0.0,73.0,262.0,0.0,40.0,2331.0,56.0
714,238.0,24.0,433.0,81.0,310.0,0.0,22.0,178.0,0.0,37.0,2230.0,23.0
715,234.0,22.0,375.0,131.0,444.0,0.0,306.0,127.0,0.0,46.0,2096.0,45.0
716,257.0,15.0,229.0,19.0,360.0,0.0,299.0,348.0,0.0,28.0,2437.0,15.0
717,255.0,13.0,326.0,59.0,288.0,0.0,243.0,357.0,1.0,37.0,870.0,50.0
718,231.0,36.0,415.0,0.0,0.0,26.0,226.0,237.0,65.0,38.0,619.0,38.0
719,233.0,21.0,384.0,0.0,0.0,15.0,250.0,254.0,0.0,0.0,2054.0,34.0
720,220.0,20.0,325.0,0.0,464.0,0.0,57.0,353.0,0.0,85.0,2522.0,32.0
721,201.0,49.0,334.0,100.0,173.0,0.0,24.0,170.0,0.0,58.0,2848.0,12.0
722,247.0,33.0,269.0,113.0,301.0,0.0,235.0,129.0,0.0,38.0,2559.0,33.0
723,220.0,36.0,191.0,70.0,226.0,45.0,301.0,415.0,0.0,37.0,2794.0,15.0
724,218.0,21.0,281.0,87.0,248.0,0.0,267.0,691.0,0.0,43.0,1008.0,35.0
725,225.0,61.0,388.0,0.0,0.0,7.0,291.0,0.0,89.0,60.0,762.0,5.0
726,194.0,39.0,278.0,0.0,0.0,0.0,255.0,642.0,0.0,41.0,1036.0,8.0
727,195.0,36.0,320.0,0.0,0.0,0.0,51.0,251.0,0.0,27.0,2739.0,24.0
728,217.0,45.0,314.0,37.0,473.0,0.0,24.0,161.0,0.0,52.0,3478.0,0.0
729,200.0,71.0,252.0,144.0,154.0,0.0,324.0,107.0,0.0,47.0,2931.0,40.0
730,181.0,51.0,141.0,56.0,202.0,31.0,314.0,383.0,0.0,21.0,3387.0,6.0
731,189.0,45.0,201.0,49.0,174.0,1.0,259.0,0.0,0.0,36.0,1029.0,32.0
732,206.0,58.0,322.0,0.0,0.0,0.0,249.0,609.0,73.0,25.0,736.0,40.0
733,204.0,99.0,252.0,0.0,0.0,0.0,249.0,287.0,343.0,43.0,2176.0,27.0
734,186.0,82.0,249.0,0.0,161.0,0.0,50.0,304.0,0.0,38.0,3157.0,19.0
735,190.0,94.0,193.0,76.0,285.0,0.0,19.0,147.0,0.0,37.0,3866.0,3.0
736,158.0,112.0,210.0,63.0,133.0,62.0,283.0,1.0,0.0,27.0,2617.0,4.0
737,169.0,49.0,144.0,57.0,85.0,0.0,269.0,0.0,0.0,28.0,4092.0,5.0
738,157.0,114.0,207.0,59.0,58.0,0.0,278.0,621.0,0.0,30.0,1207.0,15.0
739,139.0,112.0,233.0,0.0,0.0,0.0,226.0,201.0,170.0,26.0,484.0,20.0
740,159.0,96.0,214.0,0.0,0.0,3.0,221.0,279.0,0.0,32.0,2605.0,4.0
741,143.0,128.0,185.0,0.0,0.0,5.0,49.0,188.0,0.0,24.0,3359.0,12.0
742,123.0,186.0,210.0,0.0,281.0,0.0,13.0,101.0,0.0,41.0,3592.0,10.0
743,141.0,216.0,173.0,0.0,0.0,0.0,264.0,76.0,0.0,2.0,2481.0,12.0
744,144.0,161.0,105.0,136.0,0.0,0.0,329.0,223.0,0.0,0.0,4122.0,9.0
745,126.0,139.0,130.0,0.0,287.0,3.0,300.0,160.0,0.0,0.0,925.0,14.0
746,155.0,186.0,184.0,0.0,0.0,0.0,288.0,186.0,179.0,83.0,466.0,7.0
747,133.0,158.0,156.0,0.0,0.0,0.0,278.0,179.0,0.0,30.0,2888.0,7.0
748,128.0,206.0,136.0,0.0,0.0,0.0,49.0,180.0,0.0,25.0,3002.0,17.0
749,124.0,229.0,156.0,0.0,350.0,0.0,20.0,120.0,0.0,22.0,3339.0,4.0
750,127.0,269.0,133.0,0.0,0.0,0.0,307.0,32.0,0.0,17.0,3251.0,7.0
751,121.0,251.0,86.0,176.0,0.0,28.0,348.0,174.0,0.0,15.0,2700.0,13.0
752,123.0,200.0,129.0,0.0,339.0,0.0,596.0,148.0,0.0,21.0,822.0,3.0
753,109.0,293.0,180.0,0.0,0.0,0.0,0.0,155.0,149.0,15.0,582.0,12.0
754,120.0,164.0,137.0,0.0,0.0,12.0,292.0,104.0,0.0,24.0,3181.0,9.0
755,117.0,429.0,128.0,0.0,0.0,0.0,65.0,149.0,0.0,24.0,2605.0,9.0
756,124.0,301.0,165.0,0.0,0.0,0.0,0.0,50.0,0.0,24.0,3187.0,7.0
757,120.0,319.0,85.0,0.0,0.0,0.0,316.0,28.0,0.0,23.0,2953.0,7.0
758,100.0,327.0,93.0,141.0,0.0,47.0,668.0,185.0,0.0,13.0,2501.0,12.0
759,118.0,329.0,119.0,0.0,323.0,0.0,334.0,132.0,0.0,11.0,688.0,14.0
760,105.0,384.0,197.0,0.0,0.0,5.0,309.0,173.0,116.0,13.0,445.0,15.0
761,106.0,291.0,153.0,0.0,0.0,0.0,36.0,115.0,0.0,16.0,916.0,5.0
762,145.0,470.0,182.0,0.0,0.0,0.0,13.0,109.0,0.0,13.0,2172.0,12.0
763,103.0,392.0,146.0,0.0,206.0,0.0,289.0,62.0,0.0,11.0,3093.0,0.0
764,110.0,323.0,118.0,0.0,0.0,0.0,361.0,30.0,0.0,12.0,2956.0,0.0
765,101.0,282.0,82.0,99.0,0.0,15.0,310.0,147.0,0.0,0.0,2084.0,11.0
766,93.0,287.0,95.0,0.0,357.0,0.0,212.0,133.0,0.0,22.0,761.0,37.0
767,124.0,237.0,177.0,0.0,0.0,0.0,29.0,101.0,88.0,11.0,226.0,18.0
768,118.0,432.0,170.0,0.0,0.0,15.0,13.0,111.0,0.0,17.0,2142.0,22.0
769,107.0,375.0,159.0,0.0,0.0,0.0,11.0,120.0,0.0,13.0,1769.0,10.0
770,114.0,360.0,154.0,0.0,0.0,38.0,7.0,67.0,0.0,12.0,2092.0,4.0
771,121.0,339.0,129.0,0.0,0.0,0.0,348.0,41.0,0.0,12.0,1709.0,11.0
772,119.0,306.0,118.0,84.0,0.0,0.0,324.0,144.0,0.0,21.0,1761.0,15.0
773,108.0,218.0,125.0,0.0,0.0,0.0,289.0,157.0,0.0,11.0,310.0,18.0
774,140.0,209.0,194.0,0.0,0.0,0.0,234.0,148.0,61.0,9.0,213.0,20.0
775,121.0,371.0,150.0,0.0,0.0,7.0,24.0,139.0,0.0,10.0,1677.0,23.0
776,146.0,348.0,149.0,0.0,0.0,0.0,6.0,133.0,0.0,14.0,1420.0,16.0
777,138.0,373.0,144.0,0.0,0.0,10.0,304.0,68.0,0.0,9.0,2024.0,20.0
778,167.0,338.0,112.0,0.0,617.0,0.0,0.0,31.0,0.0,12.0,1772.0,10.0
779,165.0,329.0,90.0,83.0,0.0,0.0,589.0,149.0,0.0,13.0,1660.0,17.0
780,168.0,258.0,115.0,0.0,187.0,0.0,214.0,120.0,0.0,8.0,279.0,16.0
781,158.0,171.0,169.0,0.0,0.0,0.0,159.0,115.0,74.0,16.0,193.0,18.0
782,165.0,184.0,155.0,0.0,0.0,0.0,10.0,105.0,0.0,11.0,1312.0,25.0
783,155.0,318.0,149.0,0.0,0.0,0.0,0.0,139.0,0.0,8.0,1081.0,16.0
784,161.0,264.0,133.0,0.0,319.0,0.0,240.0,87.0,0.0,8.0,1849.0,11.0
785,177.0,273.0,133.0,0.0,0.0,0.0,241.0,45.0,0.0,4.0,1498.0,19.0
786,160.0,203.0,85.0,52.0,0.0,4.0,183.0,176.0,0.0,6.0,816.0,21.0
787,157.0,132.0,79.0,0.0,229.0,0.0,214.0,159.0,0.0,8.0,285.0,28.0
788,175.0,130.0,127.0,0.0,0.0,0.0,184.0,141.0,55.0,8.0,88.0,27.0
789,191.0,166.0,205.0,0.0,0.0,0.0,10.0,133.0,0.0,11.0,1284.0,21.0
790,178.0,147.0,166.0,0.0,0.0,5.0,5.0,151.0,0.0,7.0,775.0,25.0
791,189.0,206.0,202.0,0.0,212.0,0.0,218.0,61.0,0.0,7.0,1641.0,15.0
792,203.0,151.0,143.0,0.0,0.0,0.0,231.0,35.0,0.0,2.0,865.0,18.0
793,188.0,109.0,79.0,73.0,0.0,3.0,197.0,48.0,0.0,6.0,620.0,33.0
794,185.0,110.0,93.0,0.0,201.0,0.0,164.0,181.0,0.0,3.0,151.0,29.0
795,172.0,0.0,146.0,0.0,0.0,0.0,144.0,227.0,0.0,8.0,61.0,22.0
796,199.0,223.0,186.0,0.0,0.0,3.0,7.0,185.0,0.0,8.0,1019.0,29.0
797,194.0,0.0,131.0,0.0,254.0,0.0,0.0,135.0,33.0,0.0,988.0,28.0
798,229.0,258.0,133.0,0.0,0.0,0.0,215.0,75.0,0.0,0.0,1169.0,0.0
799,236.0,70.0,130.0,0.0,0.0,4.0,174.0,40.0,0.0,0.0,518.0,28.0
800,170.0,81.0,105.0,44.0,0.0,0.0,165.0,196.0,0.0,0.0,832.0,25.0
801,195.0,83.0,124.0,0.0,321.0,0.0,151.0,170.0,0.0,23.0,158.0,41.0
802,185.0,49.0,153.0,0.0,0.0,0.0,120.0,145.0,47.0,4.0,60.0,31.0
803,193.0,72.0,152.0,0.0,0.0,5.0,1.0,132.0,0.0,4.0,594.0,17.0
804,218.0,79.0,138.0,0.0,0.0,0.0,1.0,157.0,0.0,1.0,512.0,38.0
805,191.0,48.0,125.0,0.0,198.0,2.0,159.0,61.0,0.0,6.0,1128.0,0.0
806,168.0,83.0,113.0,36.0,0.0,0.0,158.0,32.0,0.0,0.0,835.0,0.0
807,163.0,71.0,72.0,0.0,0.0,13.0,136.0,180.0,0.0,8.0,640.0,0.0
808,160.0,40.0,84.0,0.0,0.0,0.0,2.0,111.0,0.0,5.0,145.0,35.0
809,170.0,62.0,158.0,0.0,310.0,8.0,73.0,114.0,31.0,5.0,29.0,56.0
810,154.0,29.0,115.0,0.0,0.0,0.0,8.0,122.0,0.0,4.0,335.0,30.0
811,158.0,63.0,130.0,0.0,0.0,0.0,2.0,110.0,0.0,4.0,594.0,27.0
812,161.0,52.0,115.0,0.0,0.0,0.0,136.0,62.0,0.0,0.0,1243.0,20.0
813,146.0,55.0,91.0,0.0,0.0,0.0,91.0,54.0,0.0,0.0,523.0,10.0
814,144.0,48.0,62.0,37.0,158.0,4.0,131.0,131.0,0.0,0.0,351.0,19.0
815,130.0,35.0,102.0,0.0,236.0,0.0,91.0,117.0,0.0,12.0,143.0,37.0
816,129.0,27.0,148.0,0.0,0.0,0.0,73.0,96.0,38.0,4.0,11.0,30.0
817,123.0,31.0,136.0,0.0,0.0,3.0,0.0,84.0,0.0,3.0,257.0,25.0
818,132.0,40.0,108.0,0.0,0.0,0.0,0.0,96.0,0.0,9.0,440.0,8.0
819,129.0,43.0,89.0,0.0,0.0,0.0,2.0,11.0,0.0,0.0,906.0,8.0
820,107.0,26.0,91.0,0.0,152.0,0.0,145.0,7.0,0.0,0.0,401.0,0.0
821,106.0,54.0,34.0,35.0,0.0,7.0,90.0,203.0,0.0,10.0,526.0,27.0
822,110.0,22.0,80.0,0.0,304.0,0.0,106.0,82.0,0.0,3.0,54.0,56.0
823,106.0,19.0,95.0,0.0,0.0,3.0,77.0,80.0,40.0,2.0,32.0,32.0
824,104.0,23.0,137.0,0.0,0.0,0.0,0.0,67.0,0.0,2.0,266.0,31.0
825,89.0,34.0,94.0,0.0,0.0,31.0,1.0,65.0,0.0,0.0,320.0,16.0
826,83.0,40.0,118.0,0.0,117.0,0.0,107.0,2.0,0.0,0.0,804.0,0.0
827,94.0,36.0,66.0,0.0,0.0,0.0,112.0,3.0,0.0,0.0,412.0,0.0
828,101.0,19.0,27.0,26.0,0.0,0.0,73.0,132.0,0.0,8.0,423.0,0.0
829,81.0,9.0,62.0,0.0,194.0,2.0,19.0,79.0,0.0,3.0,115.0,22.0
830,79.0,9.0,66.0,0.0,0.0,0.0,58.0,51.0,30.0,2.0,23.0,48.0
831,95.0,21.0,59.0,0.0,0.0,0.0,0.0,28.0,0.0,2.0,295.0,40.0
832,78.0,15.0,79.0,0.0,0.0,0.0,0.0,45.0,0.0,2.0,449.0,17.0
833,69.0,17.0,40.0,0.0,131.0,10.0,182.0,0.0,0.0,0.0,1952.0,0.0
834,71.0,9.0,47.0,0.0,0.0,0.0,104.0,1.0,0.0,0.0,300.0,0.0
835,64.0,20.0,27.0,18.0,0.0,0.0,98.0,121.0,0.0,10.0,381.0,13.0
836,70.0,21.0,70.0,0.0,243.0,0.0,90.0,76.0,0.0,6.0,188.0,44.0
837,66.0,20.0,70.0,0.0,0.0,20.0,84.0,37.0,57.0,9.0,30.0,24.0
838,71.0,6.0,80.0,0.0,0.0,0.0,0.0,34.0,0.0,6.0,255.0,21.0
839,46.0,18.0,84.0,0.0,0.0,0.0,0.0,38.0,0.0,2.0,327.0,23.0
840,45.0,18.0,52.0,0.0,122.0,0.0,113.0,3.0,0.0,0.0,684.0,0.0
841,70.0,10.0,60.0,0.0,0.0,0.0,175.0,3.0,0.0,0.0,302.0,0.0
842,49.0,20.0,26.0,31.0,0.0,20.0,83.0,0.0,0.0,16.0,207.0,9.0
843,57.0,17.0,41.0,0.0,195.0,2.0,84.0,116.0,0.0,7.0,60.0,17.0
844,62.0,2.0,73.0,0.0,0.0,0.0,103.0,77.0,78.0,5.0,37.0,14.0
845,51.0,9.0,48.0,0.0,0.0,0.0,0.0,30.0,0.0,6.0,247.0,55.0
846,34.0,8.0,64.0,0.0,0.0,2.0,3.0,0.0,0.0,5.0,396.0,12.0
847,43.0,9.0,41.0,0.0,107.0,0.0,102.0,39.0,0.0,0.0,971.0,0.0
848,43.0,11.0,45.0,0.0,0.0,0.0,122.0,0.0,0.0,0.0,335.0,0.0
849,34.0,14.0,18.0,20.0,0.0,6.0,108.0,0.0,0.0,19.0,418.0,23.0
850,27.0,10.0,59.0,0.0,205.0,0.0,131.0,135.0,0.0,1.0,76.0,41.0
851,51.0,12.0,62.0,0.0,0.0,14.0,104.0,49.0,89.0,0.0,44.0,19.0
852,49.0,11.0,50.0,0.0,0.0,0.0,0.0,49.0,0.0,13.0,248.0,22.0
853,26.0,14.0,75.0,0.0,0.0,0.0,8.0,43.0,0.0,8.0,343.0,22.0
854,46.0,10.0,51.0,0.0,148.0,0.0,165.0,0.0,0.0,0.0,1087.0,0.0
855,26.0,18.0,40.0,0.0,0.0,0.0,104.0,0.0,0.0,0.0,356.0,0.0
856,37.0,6.0,44.0,59.0,0.0,5.0,145.0,67.0,0.0,12.0,532.0,23.0
857,30.0,3.0,63.0,0.0,471.0,0.0,115.0,48.0,0.0,4.0,39.0,54.0
858,42.0,5.0,69.0,0.0,0.0,7.0,134.0,58.0,92.0,4.0,17.0,30.0
859,31.0,7.0,60.0,0.0,0.0,5.0,0.0,40.0,0.0,10.0,42.0,17.0
860,40.0,10.0,59.0,0.0,0.0,0.0,0.0,49.0,0.0,10.0,367.0,39.0
861,27.0,8.0,72.0,0.0,244.0,0.0,102.0,0.0,0.0,0.0,677.0,0.0
862,44.0,7.0,63.0,0.0,0.0,0.0,136.0,0.0,0.0,0.0,327.0,0.0
863,33.0,8.0,57.0,46.0,0.0,7.0,177.0,89.0,0.0,0.0,401.0,27.0
864,43.0,4.0,59.0,0.0,374.0,0.0,113.0,18.0,27.0,27.0,156.0,60.0
865,39.0,2.0,94.0,0.0,0.0,0.0,116.0,48.0,0.0,5.0,34.0,27.0
866,35.0,7.0,72.0,0.0,0.0,8.0,0.0,42.0,0.0,5.0,284.0,42.0
867,44.0,10.0,94.0,0.0,0.0,0.0,0.0,52.0,0.0,11.0,475.0,12.0
868,53.0,12.0,105.0,0.0,294.0,0.0,187.0,0.0,0.0,0.0,1198.0,0.0
869,43.0,19.0,93.0,0.0,0.0,0.0,181.0,0.0,0.0,0.0,297.0,0.0
870,44.0,19.0,44.0,109.0,0.0,0.0,157.0,141.0,0.0,32.0,367.0,52.0
871,45.0,18.0,127.0,0.0,545.0,0.0,153.0,67.0,0.0,11.0,109.0,61.0
872,46.0,7.0,157.0,0.0,0.0,9.0,117.0,53.0,0.0,5.0,29.0,8.0
873,56.0,12.0,106.0,0.0,0.0,1.0,0.0,89.0,0.0,13.0,291.0,66.0
874,70.0,16.0,105.0,0.0,0.0,0.0,7.0,67.0,0.0,1.0,364.0,31.0
875,60.0,16.0,134.0,0.0,207.0,0.0,171.0,0.0,0.0,0.0,708.0,0.0
876,47.0,16.0,111.0,0.0,0.0,0.0,210.0,0.0,0.0,0.0,443.0,0.0
877,70.0,14.0,79.0,75.0,0.0,0.0,192.0,162.0,0.0,50.0,319.0,21.0
878,67.0,11.0,112.0,0.0,325.0,0.0,165.0,114.0,211.0,7.0,41.0,62.0
879,61.0,12.0,176.0,0.0,0.0,0.0,141.0,109.0,0.0,16.0,54.0,34.0
880,69.0,12.0,157.0,0.0,0.0,0.0,0.0,0.0,0.0,6.0,95.0,30.0
881,84.0,17.0,157.0,0.0,0.0,0.0,0.0,0.0,0.0,12.0,456.0,35.0
882,74.0,31.0,155.0,0.0,0.0,0.0,170.0,0.0,0.0,0.0,855.0,0.0
883,77.0,30.0,116.0,0.0,0.0,0.0,213.0,0.0,0.0,0.0,381.0,0.0
884,89.0,18.0,77.0,95.0,0.0,0.0,153.0,415.0,0.0,24.0,446.0,25.0
885,68.0,17.0,104.0,0.0,381.0,0.0,167.0,137.0,56.0,10.0,149.0,25.0
886,87.0,17.0,253.0,0.0,0.0,0.0,137.0,125.0,0.0,7.0,20.0,53.0
887,100.0,25.0,207.0,0.0,0.0,0.0,0.0,133.0,0.0,3.0,299.0,23.0
888,108.0,25.0,199.0,0.0,0.0,1.0,0.0,113.0,0.0,10.0,576.0,28.0
889,98.0,35.0,244.0,0.0,245.0,0.0,140.0,0.0,0.0,0.0,727.0,0.0
890,102.0,35.0,121.0,0.0,0.0,0.0,192.0,0.0,0.0,0.0,0.0,0.0
891,103.0,20.0,83.0,154.0,0.0,3.0,184.0,210.0,0.0,19.0,502.0,32.0
892,115.0,21.0,121.0,0.0,328.0,0.0,169.0,106.0,18.0,6.0,45.0,54.0
893,123.0,16.0,190.0,0.0,0.0,9.0,121.0,103.0,0.0,13.0,7.0,32.0
894,148.0,26.0,171.0,0.0,0.0,0.0,0.0,105.0,45.0,4.0,79.0,25.0
895,130.0,34.0,161.0,0.0,0.0,6.0,0.0,89.0,0.0,5.0,462.0,17.0
896,120.0,47.0,175.0,0.0,239.0,0.0,146.0,0.0,0.0,0.0,768.0,0.0
897,102.0,45.0,158.0,0.0,0.0,0.0,147.0,0.0,0.0,0.0,1073.0,0.0
898,113.0,27.0,74.0,128.0,0.0,2.0,0.0,196.0,0.0,19.0,531.0,40.0
899,155.0,29.0,113.0,0.0,222.0,0.0,206.0,86.0,27.0,8.0,49.0,44.0
900,124.0,40.0,177.0,0.0,0.0,11.0,101.0,90.0,0.0,3.0,30.0,29.0
901,213.0,50.0,145.0,0.0,0.0,0.0,0.0,80.0,0.0,11.0,470.0,38.0
902,184.0,59.0,130.0,0.0,0.0,18.0,0.0,80.0,0.0,2.0,565.0,17.0
903,122.0,58.0,152.0,0.0,118.0,0.0,119.0,0.0,0.0,0.0,976.0,0.0
904,114.0,67.0,129.0,0.0,0.0,0.0,0.0,0.0,0.0,0.0,374.0,0.0
905,124.0,57.0,78.0,94.0,0.0,1.0,271.0,174.0,0.0,17.0,510.0,0.0
906,129.0,50.0,42.0,0.0,208.0,11.0,148.0,111.0,24.0,7.0,53.0,41.0
907,112.0,37.0,70.0,0.0,0.0,0.0,120.0,88.0,0.0,3.0,54.0,52.0
908,119.0,42.0,128.0,0.0,0.0,0.0,0.0,80.0,0.0,2.0,441.0,30.0
909,112.0,61.0,147.0,0.0,0.0,3.0,0.0,60.0,0.0,3.0,632.0,7.0
910,119.0,83.0,124.0,0.0,146.0,0.0,99.0,0.0,0.0,0.0,902.0,0.0
911,111.0,84.0,88.0,0.0,0.0,0.0,120.0,0.0,0.0,0.0,497.0,0.0
912,75.0,64.0,63.0,102.0,0.0,0.0,117.0,0.0,0.0,14.0,580.0,55.0
913,95.0,65.0,75.0,0.0,204.0,0.0,119.0,159.0,0.0,1.0,71.0,54.0
914,90.0,52.0,134.0,0.0,0.0,9.0,82.0,93.0,34.0,4.0,31.0,36.0
915,100.0,63.0,112.0,0.0,0.0,0.0,0.0,92.0,0.0,3.0,426.0,7.0
916,102.0,108.0,84.0,0.0,0.0,0.0,0.0,72.0,0.0,3.0,550.0,40.0
917,80.0,81.0,99.0,0.0,127.0,0.0,90.0,0.0,0.0,0.0,954.0,0.0
918,81.0,86.0,80.0,0.0,0.0,0.0,109.0,0.0,0.0,0.0,402.0,0.0
919,65.0,70.0,41.0,94.0,0.0,0.0,230.0,116.0,0.0,11.0,626.0,22.0
920,97.0,49.0,60.0,0.0,207.0,2.0,117.0,88.0,27.0,2.0,31.0,48.0
921,92.0,71.0,98.0,0.0,0.0,0.0,88.0,57.0,0.0,10.0,12.0,25.0
922,86.0,75.0,90.0,0.0,0.0,0.0,0.0,44.0,0.0,5.0,574.0,19.0
923,72.0,112.0,68.0,0.0,0.0,0.0,0.0,45.0,0.0,5.0,510.0,26.0
924,96.0,64.0,91.0,0.0,149.0,0.0,146.0,0.0,0.0,0.0,1096.0,0.0
925,101.0,74.0,48.0,0.0,0.0,0.0,90.0,0.0,0.0,0.0,621.0,0.0
926,86.0,79.0,30.0,78.0,0.0,0.0,106.0,110.0,0.0,13.0,718.0,16.0
927,90.0,56.0,40.0,0.0,446.0,7.0,93.0,51.0,33.0,4.0,41.0,45.0
928,83.0,44.0,80.0,0.0,0.0,0.0,90.0,54.0,0.0,14.0,31.0,27.0
929,69.0,56.0,57.0,0.0,0.0,0.0,0.0,41.0,0.0,8.0,501.0,65.0
930,56.0,64.0,89.0,0.0,0.0,0.0,0.0,42.0,0.0,9.0,645.0,24.0
931,60.0,68.0,59.0,0.0,120.0,5.0,118.0,0.0,0.0,0.0,945.0,0.0
932,68.0,48.0,47.0,0.0,0.0,0.0,138.0,0.0,0.0,0.0,556.0,0.0
933,71.0,47.0,34.0,47.0,0.0,0.0,94.0,84.0,0.0,13.0,657.0,27.0
934,58.0,22.0,4.0,0.0,164.0,0.0,140.0,60.0,23.0,1.0,46.0,43.0
935,61.0,35.0,93.0,0.0,0.0,1.0,116.0,46.0,0.0,15.0,16.0,19.0
936,76.0,0.0,69.0,0.0,0.0,0.0,0.0,58.0,0.0,9.0,470.0,38.0
937,52.0,132.0,60.0,0.0,0.0,0.0,0.0,31.0,0.0,9.0,511.0,33.0
938,46.0,60.0,44.0,0.0,75.0,,0.0,0.0,,,1108.0,
939,41.0,57.0,38.0,0.0,0.0,,128.0,0.0,,,608.0,
940,55.0,46.0,32.0,49.0,0.0,,97.0,56.0,,,590.0,
941,56.0,39.0,31.0,0.0,95.0,,117.0,49.0,,,44.0,
